[2026-06-15 20:15:31] picker_refresh total=914ms flash=694ms recycling=742ms minutes=882ms filters=48ms build=2ms items=12
[2026-06-15 20:15:42] picker_refresh total=864ms flash=707ms recycling=722ms minutes=832ms filters=45ms build=2ms items=12
[2026-06-15 20:15:53] picker_refresh total=838ms flash=688ms recycling=709ms minutes=804ms filters=46ms build=2ms items=12
[2026-06-15 20:16:04] picker_refresh total=819ms flash=616ms recycling=700ms minutes=788ms filters=46ms build=2ms items=12
[2026-06-15 20:16:14] picker_refresh total=924ms flash=778ms recycling=784ms minutes=892ms filters=46ms build=2ms items=12
[2026-06-15 20:16:25] picker_refresh total=982ms flash=613ms recycling=682ms minutes=951ms filters=45ms build=2ms items=12
[2026-06-15 20:16:36] picker_refresh total=893ms flash=722ms recycling=788ms minutes=860ms filters=46ms build=2ms items=12
[2026-06-15 20:16:47] picker_refresh total=978ms flash=717ms recycling=762ms minutes=946ms filters=48ms build=2ms items=12
[2026-06-15 20:16:58] picker_refresh total=936ms flash=712ms recycling=759ms minutes=904ms filters=45ms build=2ms items=12
[2026-06-15 20:17:09] picker_refresh total=913ms flash=734ms recycling=776ms minutes=881ms filters=50ms build=2ms items=12
[2026-06-15 20:17:20] picker_refresh total=1011ms flash=772ms recycling=792ms minutes=977ms filters=48ms build=2ms items=12
[2026-06-15 20:17:31] picker_refresh total=822ms flash=611ms recycling=640ms minutes=791ms filters=48ms build=2ms items=12
[2026-06-15 20:17:42] picker_refresh total=913ms flash=752ms recycling=641ms minutes=880ms filters=49ms build=2ms items=12
[2026-06-15 20:17:53] picker_refresh total=939ms flash=806ms recycling=770ms minutes=908ms filters=46ms build=2ms items=12
[2026-06-15 20:18:04] picker_refresh total=905ms flash=710ms recycling=749ms minutes=871ms filters=46ms build=2ms items=12
[2026-06-15 20:18:15] picker_refresh total=1035ms flash=746ms recycling=811ms minutes=1004ms filters=51ms build=2ms items=12
[2026-06-15 20:18:26] picker_refresh total=915ms flash=707ms recycling=722ms minutes=884ms filters=48ms build=2ms items=12
[2026-06-15 20:18:37] picker_refresh total=1254ms flash=922ms recycling=784ms minutes=1222ms filters=45ms build=3ms items=12
[2026-06-15 20:18:48] picker_refresh total=1166ms flash=954ms recycling=1002ms minutes=1128ms filters=47ms build=2ms items=12
[2026-06-15 20:18:59] picker_refresh total=1011ms flash=779ms recycling=789ms minutes=980ms filters=46ms build=2ms items=12
[2026-06-15 20:19:10] picker_refresh total=847ms flash=616ms recycling=693ms minutes=815ms filters=47ms build=2ms items=12
[2026-06-15 20:19:21] picker_refresh total=1087ms flash=844ms recycling=870ms minutes=1055ms filters=47ms build=2ms items=12
[2026-06-15 20:19:22] do_paste start: name='Гренадер' hwnd=48300972
[2026-06-15 20:19:22] do_paste: foreground=True
[2026-06-15 20:19:22] do_paste: click=True
[2026-06-15 20:19:22] do_paste: click + clear + ctrl+v + cursor restore + enter sent
[2026-06-15 20:19:22] do_paste start: name='Задний фонарь' hwnd=48300972
[2026-06-15 20:19:22] do_paste: foreground=True
[2026-06-15 20:19:22] do_paste: click=True
[2026-06-15 20:19:22] do_paste: click + clear + ctrl+v + cursor restore + enter sent
[2026-06-15 20:19:32] picker_refresh total=859ms flash=696ms recycling=765ms minutes=824ms filters=50ms build=2ms items=12
[2026-06-15 20:19:43] picker_refresh total=1010ms flash=843ms recycling=872ms minutes=977ms filters=50ms build=2ms items=12
[2026-06-15 20:19:54] picker_refresh total=935ms flash=699ms recycling=697ms minutes=901ms filters=46ms build=2ms items=12
[2026-06-15 20:20:05] picker_refresh total=1284ms flash=1254ms recycling=809ms minutes=961ms filters=49ms build=2ms items=12
[2026-06-15 20:20:10] picker_refresh total=1171ms flash=908ms recycling=939ms minutes=1137ms filters=49ms build=2ms items=10
[2026-06-15 20:20:11] picker_refresh total=874ms flash=682ms recycling=679ms minutes=839ms filters=61ms build=2ms items=10
[2026-06-15 20:20:12] picker_refresh total=1070ms flash=711ms recycling=1039ms minutes=928ms filters=0ms build=2ms items=10
[2026-06-15 20:20:17] picker_refresh total=4499ms flash=4085ms recycling=4467ms minutes=3720ms filters=47ms build=2ms items=10
[2026-06-15 20:20:17] do_paste start: name='Доке левое' hwnd=48300972
[2026-06-15 20:20:17] do_paste: foreground=True
[2026-06-15 20:20:17] do_paste: click=True
[2026-06-15 20:20:17] do_paste: click + clear + ctrl+v + cursor restore + enter sent
[2026-06-15 20:20:18] do_paste start: name='Череп' hwnd=48300972
[2026-06-15 20:20:18] do_paste: foreground=True
[2026-06-15 20:20:18] do_paste: click=True
[2026-06-15 20:20:18] do_paste: click + clear + ctrl+v + cursor restore + enter sent
[2026-06-15 20:20:19] do_paste start: name='Доке левое' hwnd=48300972
[2026-06-15 20:20:19] do_paste: foreground=True
[2026-06-15 20:20:19] do_paste: click=True
[2026-06-15 20:20:19] do_paste: click + clear + ctrl+v + cursor restore + enter sent
[2026-06-15 20:20:19] do_paste start: name='Задний фонарь' hwnd=48300972
[2026-06-15 20:20:19] do_paste: foreground=True
[2026-06-15 20:20:19] do_paste: click=True
[2026-06-15 20:20:19] do_paste: click + clear + ctrl+v + cursor restore + enter sent
[2026-06-15 20:20:19] do_paste start: name='Гренадер' hwnd=48300972
[2026-06-15 20:20:19] do_paste: foreground=True
[2026-06-15 20:20:19] do_paste: click=True
[2026-06-15 20:20:20] do_paste: click + clear + ctrl+v + cursor restore + enter sent
[2026-06-15 20:20:20] do_paste start: name='Забойщик' hwnd=48300972
[2026-06-15 20:20:20] do_paste: foreground=True
[2026-06-15 20:20:20] do_paste: click=True
[2026-06-15 20:20:20] do_paste: click + clear + ctrl+v + cursor restore + enter sent
[2026-06-15 20:20:21] picker_refresh total=3747ms flash=3714ms recycling=3412ms minutes=3588ms filters=46ms build=2ms items=10
[2026-06-15 20:20:25] do_paste start: name='Гренадер' hwnd=48300972
[2026-06-15 20:20:25] do_paste: foreground=True
[2026-06-15 20:20:25] do_paste: click=True
[2026-06-15 20:20:25] do_paste: click + clear + ctrl+v + cursor restore + enter sent
[2026-06-15 20:20:26] do_paste start: name='Задний фонарь' hwnd=48300972
[2026-06-15 20:20:26] do_paste: foreground=True
[2026-06-15 20:20:26] do_paste: click=True
[2026-06-15 20:20:26] do_paste: click + clear + ctrl+v + cursor restore + enter sent
[2026-06-15 20:20:29] picker_refresh total=3359ms flash=3327ms recycling=1292ms minutes=1363ms filters=48ms build=2ms items=10
[2026-06-15 20:20:40] picker_refresh total=1441ms flash=830ms recycling=1004ms minutes=1409ms filters=47ms build=2ms items=10
[2026-06-15 20:20:51] picker_refresh total=963ms flash=705ms recycling=788ms minutes=930ms filters=50ms build=2ms items=10
[2026-06-15 20:21:02] picker_refresh total=946ms flash=766ms recycling=788ms minutes=912ms filters=50ms build=2ms items=10
[2026-06-15 20:21:13] picker_refresh total=1165ms flash=925ms recycling=527ms minutes=1132ms filters=51ms build=2ms items=10
[2026-06-15 20:21:24] picker_refresh total=933ms flash=703ms recycling=751ms minutes=901ms filters=46ms build=2ms items=10
[2026-06-15 20:21:35] picker_refresh total=948ms flash=698ms recycling=782ms minutes=916ms filters=48ms build=2ms items=10
[2026-06-15 20:21:46] picker_refresh total=848ms flash=642ms recycling=674ms minutes=814ms filters=50ms build=2ms items=10
[2026-06-15 20:21:57] picker_refresh total=875ms flash=708ms recycling=709ms minutes=843ms filters=46ms build=2ms items=10
[2026-06-15 20:22:08] picker_refresh total=888ms flash=657ms recycling=674ms minutes=854ms filters=51ms build=2ms items=10
[2026-06-15 20:22:19] picker_refresh total=1037ms flash=763ms recycling=807ms minutes=1004ms filters=46ms build=2ms items=10
[2026-06-15 20:22:29] picker_refresh total=792ms flash=677ms recycling=715ms minutes=758ms filters=47ms build=2ms items=10
[2026-06-15 20:22:40] picker_refresh total=921ms flash=750ms recycling=763ms minutes=890ms filters=47ms build=2ms items=10
[2026-06-15 20:22:51] picker_refresh total=942ms flash=714ms recycling=764ms minutes=910ms filters=48ms build=2ms items=10
[2026-06-15 20:23:02] picker_refresh total=945ms flash=802ms recycling=787ms minutes=914ms filters=46ms build=2ms items=10
[2026-06-15 20:23:13] picker_refresh total=928ms flash=678ms recycling=800ms minutes=895ms filters=46ms build=2ms items=10
[2026-06-15 20:23:24] picker_refresh total=992ms flash=731ms recycling=762ms minutes=958ms filters=47ms build=2ms items=10
[2026-06-15 20:23:35] picker_refresh total=915ms flash=707ms recycling=750ms minutes=883ms filters=47ms build=2ms items=10
[2026-06-15 20:23:46] picker_refresh total=964ms flash=761ms recycling=772ms minutes=927ms filters=46ms build=2ms items=10
[2026-06-15 20:23:57] picker_refresh total=1046ms flash=755ms recycling=739ms minutes=1012ms filters=46ms build=2ms items=10
[2026-06-15 20:24:08] picker_refresh total=1147ms flash=951ms recycling=877ms minutes=1115ms filters=46ms build=2ms items=10
[2026-06-15 20:24:19] picker_refresh total=972ms flash=737ms recycling=804ms minutes=940ms filters=46ms build=2ms items=10
[2026-06-15 20:24:30] picker_refresh total=1004ms flash=797ms recycling=780ms minutes=971ms filters=47ms build=2ms items=10
[2026-06-15 20:24:41] picker_refresh total=890ms flash=766ms recycling=775ms minutes=858ms filters=48ms build=2ms items=10
[2026-06-15 20:24:52] picker_refresh total=961ms flash=732ms recycling=748ms minutes=929ms filters=47ms build=2ms items=10
[2026-06-15 20:25:04] picker_refresh total=1592ms flash=646ms recycling=690ms minutes=1558ms filters=46ms build=2ms items=10
[2026-06-15 20:25:11] picker_refresh total=985ms flash=698ms recycling=706ms minutes=952ms filters=47ms build=2ms items=9
[2026-06-15 20:25:12] picker_refresh total=892ms flash=722ms recycling=751ms minutes=860ms filters=0ms build=2ms items=9
[2026-06-15 20:25:13] do_paste start: name='Замкнутый круг' hwnd=48300972
[2026-06-15 20:25:13] do_paste: foreground=True
[2026-06-15 20:25:13] do_paste: click=True
[2026-06-15 20:25:13] do_paste: click + clear + ctrl+v + cursor restore + enter sent
[2026-06-15 20:25:13] do_paste start: name='Гренадер' hwnd=48300972
[2026-06-15 20:25:13] do_paste: foreground=True
[2026-06-15 20:25:13] do_paste: click=True
[2026-06-15 20:25:13] do_paste: click + clear + ctrl+v + cursor restore + enter sent
[2026-06-15 20:25:13] picker_refresh total=991ms flash=796ms recycling=867ms minutes=960ms filters=47ms build=2ms items=9
[2026-06-15 20:25:13] do_paste start: name='Замкнутый круг' hwnd=48300972
[2026-06-15 20:25:13] do_paste: foreground=True
[2026-06-15 20:25:13] do_paste: click=True
[2026-06-15 20:25:14] do_paste: click + clear + ctrl+v + cursor restore + enter sent
[2026-06-15 20:25:15] do_paste start: name='Гренадер' hwnd=48300972
[2026-06-15 20:25:15] do_paste: foreground=True
[2026-06-15 20:25:15] do_paste: click=True
[2026-06-15 20:25:15] do_paste start: name='Зеркало вездехода левое' hwnd=48300972
[2026-06-15 20:25:15] do_paste: foreground=True
[2026-06-15 20:25:15] do_paste: click + clear + ctrl+v + cursor restore + enter sent
[2026-06-15 20:25:15] do_paste: click=True
[2026-06-15 20:25:15] do_paste: click + clear + ctrl+v + cursor restore + enter sent
[2026-06-15 20:25:17] picker_refresh total=3497ms flash=3292ms recycling=3297ms minutes=3464ms filters=0ms build=2ms items=9
[2026-06-15 20:25:21] picker_refresh total=4025ms flash=3729ms recycling=3691ms minutes=3993ms filters=47ms build=2ms items=9
[2026-06-15 20:25:24] do_paste start: name='Задний фонарь' hwnd=48300972
[2026-06-15 20:25:24] do_paste: foreground=True
[2026-06-15 20:25:24] do_paste: click=True
[2026-06-15 20:25:24] do_paste: click + clear + ctrl+v + cursor restore + enter sent
[2026-06-15 20:25:25] do_paste start: name='Зеркало вездехода левое' hwnd=48300972
[2026-06-15 20:25:25] do_paste: foreground=True
[2026-06-15 20:25:25] do_paste: click=True
[2026-06-15 20:25:26] do_paste: click + clear + ctrl+v + cursor restore + enter sent
[2026-06-15 20:25:26] do_paste start: name='Задний фонарь' hwnd=48300972
[2026-06-15 20:25:26] do_paste: foreground=True
[2026-06-15 20:25:26] do_paste: click=True
[2026-06-15 20:25:26] do_paste: click + clear + ctrl+v + cursor restore + enter sent
[2026-06-15 20:25:26] picker_refresh total=2162ms flash=1904ms recycling=1923ms minutes=2131ms filters=46ms build=2ms items=9
[2026-06-15 20:25:27] do_paste start: name='Зеркало вездехода левое' hwnd=48300972
[2026-06-15 20:25:27] do_paste: foreground=True
[2026-06-15 20:25:27] do_paste: click=True
[2026-06-15 20:25:27] do_paste: click + clear + ctrl+v + cursor restore + enter sent
[2026-06-15 20:25:27] do_paste start: name='Задний фонарь' hwnd=48300972
[2026-06-15 20:25:27] do_paste: foreground=True
[2026-06-15 20:25:27] do_paste: click=True
[2026-06-15 20:25:27] do_paste: click + clear + ctrl+v + cursor restore + enter sent
[2026-06-15 20:25:38] picker_refresh total=1628ms flash=993ms recycling=1124ms minutes=1596ms filters=47ms build=2ms items=9
[2026-06-15 20:25:49] picker_refresh total=1269ms flash=915ms recycling=994ms minutes=1235ms filters=47ms build=2ms items=9
[2026-06-15 20:26:00] picker_refresh total=1081ms flash=812ms recycling=831ms minutes=1049ms filters=49ms build=2ms items=9
[2026-06-15 20:26:11] picker_refresh total=927ms flash=745ms recycling=741ms minutes=896ms filters=53ms build=2ms items=9
[2026-06-15 20:26:22] picker_refresh total=911ms flash=678ms recycling=719ms minutes=880ms filters=47ms build=2ms items=9
[2026-06-15 20:26:33] picker_refresh total=1006ms flash=836ms recycling=818ms minutes=973ms filters=48ms build=2ms items=9
[2026-06-15 20:26:44] picker_refresh total=1010ms flash=807ms recycling=810ms minutes=976ms filters=50ms build=2ms items=9
[2026-06-15 20:26:55] picker_refresh total=938ms flash=672ms recycling=519ms minutes=906ms filters=48ms build=2ms items=9
[2026-06-15 20:27:06] picker_refresh total=1046ms flash=727ms recycling=784ms minutes=1016ms filters=48ms build=2ms items=9
[2026-06-15 20:27:17] picker_refresh total=891ms flash=749ms recycling=730ms minutes=858ms filters=49ms build=2ms items=9
[2026-06-15 20:27:28] picker_refresh total=1006ms flash=883ms recycling=901ms minutes=974ms filters=49ms build=2ms items=9
[2026-06-15 20:27:39] picker_refresh total=708ms flash=583ms recycling=579ms minutes=671ms filters=50ms build=2ms items=9
[2026-06-15 20:27:50] picker_refresh total=992ms flash=762ms recycling=774ms minutes=960ms filters=45ms build=2ms items=9
[2026-06-15 20:28:01] picker_refresh total=1344ms flash=888ms recycling=863ms minutes=1311ms filters=49ms build=2ms items=9
[2026-06-15 20:28:12] picker_refresh total=1098ms flash=838ms recycling=904ms minutes=1066ms filters=49ms build=2ms items=9
[2026-06-15 20:28:23] picker_refresh total=1041ms flash=857ms recycling=875ms minutes=1008ms filters=46ms build=2ms items=9
[2026-06-15 20:28:27] salvage stopped: confirm button not found
[2026-06-15 20:28:34] picker_refresh total=968ms flash=802ms recycling=771ms minutes=936ms filters=45ms build=2ms items=9
[2026-06-15 20:28:36] salvage stopped: confirm button not found
[2026-06-15 20:28:45] picker_refresh total=894ms flash=716ms recycling=765ms minutes=861ms filters=46ms build=2ms items=9
[2026-06-15 20:28:47] salvage stopped: confirm button not found
[2026-06-15 20:28:56] picker_refresh total=1000ms flash=771ms recycling=871ms minutes=968ms filters=46ms build=2ms items=9
[2026-06-15 20:28:57] salvage stopped: confirm button not found
[2026-06-15 20:29:07] picker_refresh total=964ms flash=744ms recycling=767ms minutes=933ms filters=46ms build=2ms items=9
[2026-06-15 20:29:18] picker_refresh total=1060ms flash=880ms recycling=867ms minutes=1029ms filters=47ms build=2ms items=9
[2026-06-15 20:29:29] picker_refresh total=1049ms flash=747ms recycling=802ms minutes=1015ms filters=49ms build=2ms items=9
[2026-06-15 20:29:40] picker_refresh total=1000ms flash=759ms recycling=755ms minutes=968ms filters=47ms build=2ms items=9
[2026-06-15 20:29:51] picker_refresh total=933ms flash=721ms recycling=737ms minutes=902ms filters=46ms build=2ms items=9
[2026-06-15 20:30:02] picker_refresh total=1034ms flash=1003ms recycling=981ms minutes=872ms filters=51ms build=2ms items=9
[2026-06-15 20:30:11] picker_refresh total=2059ms flash=1777ms recycling=1731ms minutes=2026ms filters=45ms build=2ms items=9
[2026-06-15 20:30:13] picker_refresh total=2307ms flash=2050ms recycling=2267ms minutes=1080ms filters=45ms build=3ms items=9
[2026-06-15 20:30:16] picker_refresh total=2539ms flash=2487ms recycling=2509ms minutes=2272ms filters=48ms build=2ms items=9
[2026-06-15 20:30:18] picker_refresh total=983ms flash=839ms recycling=874ms minutes=951ms filters=54ms build=2ms items=9
[2026-06-15 20:30:19] picker_refresh total=1043ms flash=794ms recycling=933ms minutes=1007ms filters=0ms build=2ms items=9
[2026-06-15 20:30:25] picker_refresh total=2848ms flash=1595ms recycling=2817ms minutes=2403ms filters=48ms build=2ms items=13
[2026-06-15 20:30:36] picker_refresh total=971ms flash=714ms recycling=817ms minutes=939ms filters=46ms build=2ms items=13
[2026-06-15 20:30:47] picker_refresh total=976ms flash=756ms recycling=718ms minutes=945ms filters=46ms build=2ms items=13
[2026-06-15 20:30:58] picker_refresh total=915ms flash=880ms recycling=842ms minutes=878ms filters=45ms build=3ms items=13
[2026-06-15 20:31:09] picker_refresh total=1000ms flash=769ms recycling=795ms minutes=967ms filters=45ms build=3ms items=13
[2026-06-15 20:31:20] picker_refresh total=923ms flash=732ms recycling=792ms minutes=891ms filters=48ms build=2ms items=13
[2026-06-15 20:31:31] picker_refresh total=956ms flash=697ms recycling=752ms minutes=926ms filters=51ms build=2ms items=13
[2026-06-15 20:31:42] picker_refresh total=943ms flash=721ms recycling=713ms minutes=908ms filters=46ms build=2ms items=13
[2026-06-15 20:31:53] picker_refresh total=1076ms flash=912ms recycling=1045ms minutes=1021ms filters=49ms build=2ms items=13
[2026-06-15 20:32:04] picker_refresh total=933ms flash=738ms recycling=770ms minutes=902ms filters=47ms build=2ms items=13
[2026-06-15 20:32:15] picker_refresh total=956ms flash=729ms recycling=730ms minutes=924ms filters=45ms build=2ms items=13
[2026-06-15 20:32:26] picker_refresh total=953ms flash=753ms recycling=777ms minutes=920ms filters=47ms build=2ms items=13
[2026-06-15 20:32:26] do_paste start: name='Замкнутый круг' hwnd=48300972
[2026-06-15 20:32:26] do_paste: foreground=True
[2026-06-15 20:32:26] do_paste: click=True
[2026-06-15 20:32:26] do_paste: click + clear + ctrl+v + cursor restore + enter sent
[2026-06-15 20:32:26] do_paste start: name='Эгида-Прайм' hwnd=48300972
[2026-06-15 20:32:26] do_paste: foreground=True
[2026-06-15 20:32:26] do_paste: click=True
[2026-06-15 20:32:26] do_paste: click + clear + ctrl+v + cursor restore + enter sent
[2026-06-15 20:32:26] do_paste start: name='Гренадер' hwnd=48300972
[2026-06-15 20:32:26] do_paste: foreground=True
[2026-06-15 20:32:26] do_paste: click=True
[2026-06-15 20:32:26] do_paste: click + clear + ctrl+v + cursor restore + enter sent
[2026-06-15 20:32:27] do_paste start: name='Эгида-Прайм' hwnd=48300972
[2026-06-15 20:32:27] do_paste: foreground=True
[2026-06-15 20:32:27] do_paste: click=True
[2026-06-15 20:32:27] do_paste: click + clear + ctrl+v + cursor restore + enter sent
[2026-06-15 20:32:27] do_paste start: name='Замкнутый круг' hwnd=48300972
[2026-06-15 20:32:27] do_paste: foreground=True
[2026-06-15 20:32:27] do_paste: click=True
[2026-06-15 20:32:27] do_paste: click + clear + ctrl+v + cursor restore + enter sent
[2026-06-15 20:32:33] do_paste start: name='Эгида-Прайм' hwnd=48300972
[2026-06-15 20:32:33] do_paste: foreground=True
[2026-06-15 20:32:33] do_paste: click=True
[2026-06-15 20:32:33] do_paste: click + clear + ctrl+v + cursor restore + enter sent
[2026-06-15 20:32:37] picker_refresh total=1340ms flash=862ms recycling=1103ms minutes=1309ms filters=45ms build=2ms items=13
[2026-06-15 20:32:44] do_paste start: name='Гренадер' hwnd=48300972
[2026-06-15 20:32:44] do_paste: foreground=True
[2026-06-15 20:32:44] do_paste: click=True
[2026-06-15 20:32:44] do_paste: click + clear + ctrl+v + cursor restore + enter sent
[2026-06-15 20:32:45] do_paste start: name='Гусеница бронированная' hwnd=48300972
[2026-06-15 20:32:45] do_paste: foreground=True
[2026-06-15 20:32:45] do_paste: click=True
[2026-06-15 20:32:45] do_paste: click + clear + ctrl+v + cursor restore + enter sent
[2026-06-15 20:32:46] do_paste start: name='Задний фонарь' hwnd=48300972
[2026-06-15 20:32:46] do_paste: foreground=True
[2026-06-15 20:32:46] do_paste: click=True
[2026-06-15 20:32:46] do_paste: click + clear + ctrl+v + cursor restore + enter sent
[2026-06-15 20:32:47] do_paste start: name='Гусеница бронированная' hwnd=48300972
[2026-06-15 20:32:47] do_paste: foreground=True
[2026-06-15 20:32:47] do_paste: click=True
[2026-06-15 20:32:48] do_paste: click + clear + ctrl+v + cursor restore + enter sent
[2026-06-15 20:32:48] picker_refresh total=1137ms flash=833ms recycling=837ms minutes=1105ms filters=47ms build=2ms items=13
[2026-06-15 20:32:53] do_paste start: name='Задний фонарь' hwnd=48300972
[2026-06-15 20:32:53] do_paste: foreground=True
[2026-06-15 20:32:53] do_paste: click=True
[2026-06-15 20:32:53] do_paste: click + clear + ctrl+v + cursor restore + enter sent
[2026-06-15 20:32:59] picker_refresh total=1117ms flash=864ms recycling=952ms minutes=1085ms filters=46ms build=2ms items=13
[2026-06-15 20:33:07] do_paste start: name='Доке левое' hwnd=48300972
[2026-06-15 20:33:07] do_paste: foreground=True
[2026-06-15 20:33:07] do_paste: click=True
[2026-06-15 20:33:07] do_paste start: name='Череп' hwnd=48300972
[2026-06-15 20:33:07] do_paste: foreground=True
[2026-06-15 20:33:07] do_paste: click + clear + ctrl+v + cursor restore + enter sent
[2026-06-15 20:33:07] do_paste: click=True
[2026-06-15 20:33:07] do_paste: click + clear + ctrl+v + cursor restore + enter sent
[2026-06-15 20:33:09] do_paste start: name='Доке левое' hwnd=48300972
[2026-06-15 20:33:09] do_paste: foreground=True
[2026-06-15 20:33:09] do_paste: click=True
[2026-06-15 20:33:09] do_paste: click + clear + ctrl+v + cursor restore + enter sent
[2026-06-15 20:33:09] do_paste start: name='Задний фонарь' hwnd=48300972
[2026-06-15 20:33:09] do_paste: foreground=True
[2026-06-15 20:33:09] do_paste: click=True
[2026-06-15 20:33:09] do_paste: click + clear + ctrl+v + cursor restore + enter sent
[2026-06-15 20:33:09] do_paste start: name='Доке левое' hwnd=48300972
[2026-06-15 20:33:09] do_paste: foreground=True
[2026-06-15 20:33:09] do_paste: click=True
[2026-06-15 20:33:09] do_paste: click + clear + ctrl+v + cursor restore + enter sent
[2026-06-15 20:33:09] do_paste start: name='Череп' hwnd=48300972
[2026-06-15 20:33:09] do_paste: foreground=True
[2026-06-15 20:33:09] do_paste: click=True
[2026-06-15 20:33:09] do_paste: click + clear + ctrl+v + cursor restore + enter sent
[2026-06-15 20:33:10] picker_refresh total=943ms flash=750ms recycling=764ms minutes=910ms filters=45ms build=2ms items=13
[2026-06-15 20:33:21] picker_refresh total=1231ms flash=826ms recycling=1200ms minutes=805ms filters=45ms build=2ms items=13
[2026-06-15 20:33:33] picker_refresh total=1394ms flash=1065ms recycling=1127ms minutes=1362ms filters=47ms build=2ms items=13
[2026-06-15 20:33:44] picker_refresh total=1124ms flash=834ms recycling=891ms minutes=1092ms filters=46ms build=2ms items=13
[2026-06-15 20:33:56] picker_refresh total=1978ms flash=696ms recycling=737ms minutes=1946ms filters=51ms build=2ms items=13
[2026-06-15 20:34:07] picker_refresh total=1136ms flash=953ms recycling=1029ms minutes=1105ms filters=48ms build=2ms items=13
[2026-06-15 20:34:18] picker_refresh total=1086ms flash=864ms recycling=953ms minutes=1055ms filters=50ms build=2ms items=13
[2026-06-15 20:34:29] picker_refresh total=970ms flash=783ms recycling=778ms minutes=938ms filters=45ms build=2ms items=13
[2026-06-15 20:34:40] picker_refresh total=1138ms flash=1105ms recycling=1080ms minutes=948ms filters=45ms build=2ms items=13
[2026-06-15 20:34:51] picker_refresh total=755ms flash=609ms recycling=605ms minutes=723ms filters=49ms build=2ms items=13
[2026-06-15 20:35:02] picker_refresh total=1108ms flash=932ms recycling=973ms minutes=1076ms filters=46ms build=2ms items=13
[2026-06-15 20:35:10] picker_refresh total=875ms flash=677ms recycling=712ms minutes=844ms filters=46ms build=2ms items=11
[2026-06-15 20:35:11] picker_refresh total=800ms flash=598ms recycling=705ms minutes=767ms filters=0ms build=2ms items=11
[2026-06-15 20:35:12] picker_refresh total=1087ms flash=618ms recycling=693ms minutes=1055ms filters=46ms build=2ms items=11
[2026-06-15 20:35:14] picker_refresh total=1591ms flash=1049ms recycling=901ms minutes=1558ms filters=0ms build=2ms items=11
[2026-06-15 20:35:16] picker_refresh total=1378ms flash=1003ms recycling=918ms minutes=1346ms filters=48ms build=2ms items=11
[2026-06-15 20:35:17] do_paste start: name='Задний фонарь' hwnd=48300972
[2026-06-15 20:35:17] do_paste: foreground=True
[2026-06-15 20:35:17] do_paste: click=True
[2026-06-15 20:35:17] do_paste start: name='Зеркало вездехода правое' hwnd=48300972
[2026-06-15 20:35:17] do_paste: foreground=True
[2026-06-15 20:35:17] do_paste: click + clear + ctrl+v + cursor restore + enter sent
[2026-06-15 20:35:17] do_paste: click=True
[2026-06-15 20:35:17] do_paste: click + clear + ctrl+v + cursor restore + enter sent
[2026-06-15 20:35:25] picker_refresh total=3256ms flash=2777ms recycling=2587ms minutes=3222ms filters=45ms build=3ms items=11
[2026-06-15 20:35:26] do_paste start: name='Задний фонарь' hwnd=48300972
[2026-06-15 20:35:26] do_paste: foreground=True
[2026-06-15 20:35:26] do_paste: click=True
[2026-06-15 20:35:27] do_paste: click + clear + ctrl+v + cursor restore + enter sent
[2026-06-15 20:35:33] do_paste start: name='Доке левое' hwnd=48300972
[2026-06-15 20:35:33] do_paste: foreground=True
[2026-06-15 20:35:33] do_paste: click=True
[2026-06-15 20:35:33] do_paste: click + clear + ctrl+v + cursor restore + enter sent
[2026-06-15 20:35:33] do_paste start: name='Череп' hwnd=48300972
[2026-06-15 20:35:33] do_paste: foreground=True
[2026-06-15 20:35:33] do_paste: click=True
[2026-06-15 20:35:33] do_paste: click + clear + ctrl+v + cursor restore + enter sent
[2026-06-15 20:35:37] do_paste start: name='Доке левое' hwnd=48300972
[2026-06-15 20:35:37] do_paste: foreground=True
[2026-06-15 20:35:37] do_paste: click=True
[2026-06-15 20:35:37] do_paste: click + clear + ctrl+v + cursor restore + enter sent
[2026-06-15 20:35:37] do_paste start: name='Череп' hwnd=48300972
[2026-06-15 20:35:37] do_paste: foreground=True
[2026-06-15 20:35:37] do_paste: click=True
[2026-06-15 20:35:37] do_paste: click + clear + ctrl+v + cursor restore + enter sent
[2026-06-15 20:35:38] picker_refresh total=2908ms flash=2499ms recycling=2593ms minutes=2876ms filters=46ms build=2ms items=11
[2026-06-15 20:35:49] picker_refresh total=1180ms flash=864ms recycling=916ms minutes=1148ms filters=46ms build=2ms items=11
[2026-06-15 20:36:01] picker_refresh total=1409ms flash=707ms recycling=1095ms minutes=1377ms filters=45ms build=2ms items=11
[2026-06-15 20:36:07] salvage stopped: confirm button not found
[2026-06-15 20:36:12] picker_refresh total=1114ms flash=768ms recycling=808ms minutes=1080ms filters=46ms build=2ms items=11
[2026-06-15 20:36:15] salvage stopped: confirm button not found
[2026-06-15 20:36:23] picker_refresh total=1283ms flash=963ms recycling=1121ms minutes=1251ms filters=46ms build=2ms items=11
[2026-06-15 20:36:34] picker_refresh total=874ms flash=642ms recycling=654ms minutes=843ms filters=47ms build=2ms items=11
[2026-06-15 20:36:45] picker_refresh total=996ms flash=690ms recycling=717ms minutes=964ms filters=47ms build=2ms items=11
[2026-06-15 20:36:56] picker_refresh total=896ms flash=691ms recycling=689ms minutes=863ms filters=46ms build=2ms items=11
[2026-06-15 20:37:07] picker_refresh total=848ms flash=661ms recycling=669ms minutes=817ms filters=47ms build=2ms items=11
[2026-06-15 20:37:18] picker_refresh total=1043ms flash=780ms recycling=813ms minutes=1013ms filters=47ms build=2ms items=11
[2026-06-15 20:37:29] picker_refresh total=943ms flash=753ms recycling=814ms minutes=912ms filters=45ms build=2ms items=11
[2026-06-15 20:37:40] picker_refresh total=941ms flash=715ms recycling=730ms minutes=908ms filters=47ms build=2ms items=11
[2026-06-15 20:37:51] picker_refresh total=741ms flash=624ms recycling=681ms minutes=711ms filters=45ms build=2ms items=11
[2026-06-15 20:38:02] picker_refresh total=1208ms flash=1134ms recycling=1177ms minutes=998ms filters=47ms build=2ms items=11
[2026-06-15 20:38:13] picker_refresh total=1073ms flash=860ms recycling=867ms minutes=1042ms filters=46ms build=2ms items=11
[2026-06-15 20:38:24] picker_refresh total=800ms flash=619ms recycling=670ms minutes=767ms filters=48ms build=2ms items=11
[2026-06-15 20:38:34] picker_refresh total=852ms flash=656ms recycling=656ms minutes=820ms filters=46ms build=2ms items=11
[2026-06-15 20:38:45] picker_refresh total=966ms flash=708ms recycling=709ms minutes=935ms filters=45ms build=2ms items=11
[2026-06-15 20:38:56] picker_refresh total=901ms flash=682ms recycling=699ms minutes=870ms filters=46ms build=2ms items=11
[2026-06-15 20:39:07] picker_refresh total=945ms flash=741ms recycling=732ms minutes=913ms filters=47ms build=2ms items=11
[2026-06-15 20:39:19] picker_refresh total=1234ms flash=744ms recycling=732ms minutes=1202ms filters=47ms build=2ms items=11
[2026-06-15 20:39:30] picker_refresh total=1135ms flash=842ms recycling=847ms minutes=1104ms filters=47ms build=2ms items=11
[2026-06-15 20:39:41] picker_refresh total=983ms flash=856ms recycling=867ms minutes=952ms filters=46ms build=2ms items=11
[2026-06-15 20:39:52] picker_refresh total=961ms flash=717ms recycling=825ms minutes=929ms filters=50ms build=2ms items=11
[2026-06-15 20:40:03] picker_refresh total=1207ms flash=1051ms recycling=1176ms minutes=858ms filters=47ms build=2ms items=11
[2026-06-15 20:40:09] picker_refresh total=918ms flash=694ms recycling=740ms minutes=887ms filters=51ms build=2ms items=11
[2026-06-15 20:40:11] picker_refresh total=924ms flash=688ms recycling=770ms minutes=890ms filters=0ms build=2ms items=11
[2026-06-15 20:40:12] picker_refresh total=941ms flash=679ms recycling=753ms minutes=910ms filters=46ms build=2ms items=11
[2026-06-15 20:40:13] picker_refresh total=770ms flash=659ms recycling=739ms minutes=738ms filters=0ms build=2ms items=11
[2026-06-15 20:40:15] picker_refresh total=1645ms flash=703ms recycling=755ms minutes=1613ms filters=49ms build=2ms items=11
[2026-06-15 20:40:24] picker_refresh total=1250ms flash=980ms recycling=1032ms minutes=1218ms filters=45ms build=2ms items=11
[2026-06-15 20:40:30] do_paste start: name='Антикрыло' hwnd=48300972
[2026-06-15 20:40:30] do_paste: foreground=True
[2026-06-15 20:40:30] do_paste: click=True
[2026-06-15 20:40:30] do_paste: click + clear + ctrl+v + cursor restore + enter sent
[2026-06-15 20:40:33] salvage stopped: confirm button not found
[2026-06-15 20:40:35] picker_refresh total=1307ms flash=802ms recycling=822ms minutes=1275ms filters=47ms build=2ms items=11
[2026-06-15 20:40:43] salvage stopped: confirm button not found
[2026-06-15 20:40:47] picker_refresh total=1126ms flash=807ms recycling=960ms minutes=1094ms filters=49ms build=2ms items=11
[2026-06-15 20:40:58] picker_refresh total=1081ms flash=704ms recycling=776ms minutes=1049ms filters=46ms build=2ms items=11
[2026-06-15 20:41:09] picker_refresh total=1052ms flash=747ms recycling=796ms minutes=1021ms filters=45ms build=2ms items=11
[2026-06-15 20:41:20] picker_refresh total=935ms flash=725ms recycling=740ms minutes=904ms filters=46ms build=2ms items=11
[2026-06-15 20:41:31] picker_refresh total=1430ms flash=1237ms recycling=1343ms minutes=1399ms filters=45ms build=2ms items=11
[2026-06-15 20:41:42] picker_refresh total=876ms flash=610ms recycling=747ms minutes=845ms filters=50ms build=2ms items=11
[2026-06-15 20:41:53] picker_refresh total=1062ms flash=842ms recycling=890ms minutes=1030ms filters=50ms build=2ms items=11
[2026-06-15 20:42:04] picker_refresh total=917ms flash=729ms recycling=795ms minutes=885ms filters=47ms build=2ms items=11
[2026-06-15 20:42:15] picker_refresh total=1009ms flash=735ms recycling=875ms minutes=977ms filters=50ms build=2ms items=11
[2026-06-15 20:42:26] picker_refresh total=1037ms flash=801ms recycling=726ms minutes=1005ms filters=45ms build=2ms items=11
[2026-06-15 20:42:37] picker_refresh total=815ms flash=666ms recycling=674ms minutes=784ms filters=47ms build=2ms items=11
[2026-06-15 20:42:48] picker_refresh total=1103ms flash=558ms recycling=877ms minutes=1072ms filters=49ms build=2ms items=11
[2026-06-15 20:42:59] picker_refresh total=1010ms flash=756ms recycling=777ms minutes=978ms filters=46ms build=2ms items=11
[2026-06-15 20:43:10] picker_refresh total=946ms flash=716ms recycling=706ms minutes=914ms filters=46ms build=2ms items=11
[2026-06-15 20:43:21] picker_refresh total=989ms flash=865ms recycling=958ms minutes=956ms filters=46ms build=2ms items=11
[2026-06-15 20:43:32] picker_refresh total=1201ms flash=894ms recycling=879ms minutes=1170ms filters=48ms build=2ms items=11
[2026-06-15 20:43:43] picker_refresh total=1126ms flash=853ms recycling=878ms minutes=1094ms filters=49ms build=2ms items=11
[2026-06-15 20:43:54] picker_refresh total=980ms flash=799ms recycling=776ms minutes=949ms filters=46ms build=2ms items=11
[2026-06-15 20:44:05] picker_refresh total=925ms flash=685ms recycling=765ms minutes=894ms filters=46ms build=2ms items=11
[2026-06-15 20:44:16] picker_refresh total=921ms flash=794ms recycling=856ms minutes=889ms filters=47ms build=2ms items=11
[2026-06-15 20:44:27] picker_refresh total=889ms flash=747ms recycling=731ms minutes=858ms filters=46ms build=2ms items=11
[2026-06-15 20:44:38] picker_refresh total=1062ms flash=1003ms recycling=1032ms minutes=826ms filters=45ms build=2ms items=11
[2026-06-15 20:44:49] picker_refresh total=996ms flash=770ms recycling=812ms minutes=964ms filters=46ms build=2ms items=11
[2026-06-15 20:45:00] picker_refresh total=942ms flash=734ms recycling=784ms minutes=909ms filters=47ms build=2ms items=11
[2026-06-15 20:45:09] picker_refresh total=912ms flash=754ms recycling=780ms minutes=876ms filters=46ms build=2ms items=12
[2026-06-15 20:45:11] picker_refresh total=880ms flash=714ms recycling=750ms minutes=847ms filters=0ms build=2ms items=12
[2026-06-15 20:45:12] picker_refresh total=1076ms flash=802ms recycling=820ms minutes=1045ms filters=47ms build=2ms items=12
[2026-06-15 20:45:13] do_paste start: name='Череп' hwnd=48300972
[2026-06-15 20:45:13] do_paste: foreground=True
[2026-06-15 20:45:13] do_paste: click=True
[2026-06-15 20:45:13] do_paste: click + clear + ctrl+v + cursor restore + enter sent
[2026-06-15 20:45:13] do_paste start: name='Замкнутый круг' hwnd=48300972
[2026-06-15 20:45:13] do_paste: foreground=True
[2026-06-15 20:45:13] do_paste: click=True
[2026-06-15 20:45:13] picker_refresh total=944ms flash=733ms recycling=728ms minutes=912ms filters=51ms build=2ms items=12
[2026-06-15 20:45:14] do_paste: click + clear + ctrl+v + cursor restore + enter sent
[2026-06-15 20:45:15] picker_refresh total=875ms flash=632ms recycling=720ms minutes=841ms filters=0ms build=2ms items=12
[2026-06-15 20:45:15] do_paste start: name='Эгида-Прайм' hwnd=48300972
[2026-06-15 20:45:15] do_paste: foreground=True
[2026-06-15 20:45:15] do_paste: click=True
[2026-06-15 20:45:15] do_paste: click + clear + ctrl+v + cursor restore + enter sent
[2026-06-15 20:45:16] do_paste start: name='Замкнутый круг' hwnd=48300972
[2026-06-15 20:45:16] do_paste: foreground=True
[2026-06-15 20:45:16] do_paste: click=True
[2026-06-15 20:45:16] do_paste: click + clear + ctrl+v + cursor restore + enter sent
[2026-06-15 20:45:17] do_paste start: name='Эгида-Прайм' hwnd=48300972
[2026-06-15 20:45:17] do_paste: foreground=True
[2026-06-15 20:45:17] do_paste: click=True
[2026-06-15 20:45:17] do_paste: click + clear + ctrl+v + cursor restore + enter sent
[2026-06-15 20:45:18] do_paste start: name='Гренадер' hwnd=48300972
[2026-06-15 20:45:18] do_paste: foreground=True
[2026-06-15 20:45:18] do_paste: click=True
[2026-06-15 20:45:18] do_paste: click + clear + ctrl+v + cursor restore + enter sent
[2026-06-15 20:45:18] do_paste start: name='Эгида-Прайм' hwnd=48300972
[2026-06-15 20:45:18] do_paste: foreground=True
[2026-06-15 20:45:18] do_paste: click=True
[2026-06-15 20:45:18] do_paste: click + clear + ctrl+v + cursor restore + enter sent
[2026-06-15 20:45:18] do_paste start: name='Гренадер' hwnd=48300972
[2026-06-15 20:45:18] do_paste: foreground=True
[2026-06-15 20:45:18] do_paste: click=True
[2026-06-15 20:45:18] do_paste: click + clear + ctrl+v + cursor restore + enter sent
[2026-06-15 20:45:18] do_paste start: name='Обтекатель' hwnd=48300972
[2026-06-15 20:45:18] do_paste: foreground=True
[2026-06-15 20:45:19] do_paste: click=True
[2026-06-15 20:45:19] do_paste: click + clear + ctrl+v + cursor restore + enter sent
[2026-06-15 20:45:21] picker_refresh total=988ms flash=777ms recycling=784ms minutes=956ms filters=46ms build=2ms items=12
[2026-06-15 20:45:26] do_paste start: name='Задний фонарь' hwnd=48300972
[2026-06-15 20:45:26] do_paste: foreground=True
[2026-06-15 20:45:26] do_paste: click=True
[2026-06-15 20:45:26] do_paste: click + clear + ctrl+v + cursor restore + enter sent
[2026-06-15 20:45:28] do_paste start: name='Обтекатель' hwnd=48300972
[2026-06-15 20:45:28] do_paste: foreground=True
[2026-06-15 20:45:28] do_paste: click=True
[2026-06-15 20:45:28] do_paste: click + clear + ctrl+v + cursor restore + enter sent
[2026-06-15 20:45:28] do_paste start: name='Задний фонарь' hwnd=48300972
[2026-06-15 20:45:28] do_paste: foreground=True
[2026-06-15 20:45:28] do_paste: click=True
[2026-06-15 20:45:29] do_paste: click + clear + ctrl+v + cursor restore + enter sent
[2026-06-15 20:45:30] do_paste start: name='Обтекатель' hwnd=48300972
[2026-06-15 20:45:30] do_paste: foreground=True
[2026-06-15 20:45:30] do_paste: click=True
[2026-06-15 20:45:30] do_paste: click + clear + ctrl+v + cursor restore + enter sent
[2026-06-15 20:45:30] do_paste start: name='Задний фонарь' hwnd=48300972
[2026-06-15 20:45:30] do_paste: foreground=True
[2026-06-15 20:45:30] do_paste: click=True
[2026-06-15 20:45:30] do_paste: click + clear + ctrl+v + cursor restore + enter sent
[2026-06-15 20:45:34] picker_refresh total=2992ms flash=2962ms recycling=2589ms minutes=2716ms filters=48ms build=2ms items=12
[2026-06-15 20:45:40] do_paste start: name='Внешнее крыло' hwnd=48300972
[2026-06-15 20:45:40] do_paste: foreground=True
[2026-06-15 20:45:41] do_paste: click=True
[2026-06-15 20:45:41] do_paste: click + clear + ctrl+v + cursor restore + enter sent
[2026-06-15 20:45:45] picker_refresh total=951ms flash=779ms recycling=819ms minutes=920ms filters=46ms build=2ms items=12
[2026-06-15 20:45:51] do_paste start: name='Доке левое' hwnd=48300972
[2026-06-15 20:45:51] do_paste: foreground=True
[2026-06-15 20:45:51] do_paste: click=True
[2026-06-15 20:45:51] do_paste: click + clear + ctrl+v + cursor restore + enter sent
[2026-06-15 20:45:51] do_paste start: name='Череп' hwnd=48300972
[2026-06-15 20:45:51] do_paste: foreground=True
[2026-06-15 20:45:51] do_paste: click=True
[2026-06-15 20:45:51] do_paste: click + clear + ctrl+v + cursor restore + enter sent
[2026-06-15 20:45:56] picker_refresh total=958ms flash=836ms recycling=871ms minutes=924ms filters=50ms build=2ms items=12
[2026-06-15 20:46:07] picker_refresh total=890ms flash=685ms recycling=684ms minutes=859ms filters=45ms build=2ms items=12
[2026-06-15 20:46:18] picker_refresh total=850ms flash=706ms recycling=712ms minutes=819ms filters=46ms build=2ms items=12
[2026-06-15 20:46:28] picker_refresh total=900ms flash=684ms recycling=747ms minutes=870ms filters=46ms build=2ms items=12
[2026-06-15 20:46:39] picker_refresh total=943ms flash=769ms recycling=776ms minutes=910ms filters=45ms build=2ms items=12
[2026-06-15 20:46:50] picker_refresh total=901ms flash=697ms recycling=734ms minutes=869ms filters=46ms build=2ms items=12
[2026-06-15 20:47:01] picker_refresh total=897ms flash=770ms recycling=810ms minutes=865ms filters=46ms build=2ms items=12
[2026-06-15 20:47:12] picker_refresh total=830ms flash=716ms recycling=703ms minutes=799ms filters=47ms build=2ms items=12
[2026-06-15 20:47:23] picker_refresh total=911ms flash=748ms recycling=798ms minutes=878ms filters=47ms build=2ms items=12
[2026-06-15 20:47:34] picker_refresh total=950ms flash=675ms recycling=918ms minutes=900ms filters=47ms build=2ms items=12
[2026-06-15 20:47:45] picker_refresh total=1122ms flash=899ms recycling=879ms minutes=1091ms filters=47ms build=2ms items=12
[2026-06-15 20:47:56] picker_refresh total=856ms flash=727ms recycling=762ms minutes=824ms filters=45ms build=2ms items=12
[2026-06-15 20:48:07] picker_refresh total=1046ms flash=708ms recycling=759ms minutes=1012ms filters=51ms build=2ms items=12
[2026-06-15 20:48:18] picker_refresh total=1057ms flash=795ms recycling=814ms minutes=1027ms filters=46ms build=2ms items=12
[2026-06-15 20:48:29] picker_refresh total=980ms flash=791ms recycling=798ms minutes=949ms filters=48ms build=2ms items=12
[2026-06-15 20:48:40] picker_refresh total=1005ms flash=803ms recycling=855ms minutes=973ms filters=45ms build=2ms items=12
[2026-06-15 20:48:51] picker_refresh total=993ms flash=746ms recycling=788ms minutes=960ms filters=45ms build=2ms items=12
[2026-06-15 20:49:02] picker_refresh total=990ms flash=695ms recycling=749ms minutes=958ms filters=46ms build=2ms items=12
[2026-06-15 20:49:13] picker_refresh total=957ms flash=790ms recycling=833ms minutes=925ms filters=48ms build=2ms items=12
[2026-06-15 20:49:25] picker_refresh total=1616ms flash=623ms recycling=1584ms minutes=859ms filters=46ms build=2ms items=12
[2026-06-15 20:49:36] picker_refresh total=1016ms flash=789ms recycling=804ms minutes=983ms filters=46ms build=2ms items=12
[2026-06-15 20:49:47] picker_refresh total=929ms flash=730ms recycling=743ms minutes=897ms filters=45ms build=2ms items=12
[2026-06-15 20:49:57] picker_refresh total=924ms flash=745ms recycling=796ms minutes=893ms filters=48ms build=2ms items=12
[2026-06-15 20:50:09] picker_refresh total=1304ms flash=1244ms recycling=1272ms minutes=1116ms filters=49ms build=2ms items=11
[2026-06-15 20:50:10] picker_refresh total=907ms flash=536ms recycling=815ms minutes=874ms filters=0ms build=2ms items=11
[2026-06-15 20:50:11] picker_refresh total=1195ms flash=750ms recycling=1164ms minutes=1122ms filters=46ms build=2ms items=11
[2026-06-15 20:50:12] do_paste start: name='Доке левое' hwnd=48300972
[2026-06-15 20:50:12] do_paste: foreground=True
[2026-06-15 20:50:12] do_paste: click=True
[2026-06-15 20:50:12] do_paste: click + clear + ctrl+v + cursor restore + enter sent
[2026-06-15 20:50:12] do_paste start: name='Задний фонарь' hwnd=48300972
[2026-06-15 20:50:12] do_paste: foreground=True
[2026-06-15 20:50:12] do_paste: click=True
[2026-06-15 20:50:12] do_paste: click + clear + ctrl+v + cursor restore + enter sent
[2026-06-15 20:50:12] do_paste start: name='Обтекатель' hwnd=48300972
[2026-06-15 20:50:12] do_paste: foreground=True
[2026-06-15 20:50:13] do_paste: click=True
[2026-06-15 20:50:13] do_paste start: name='Фара экскаватора левая' hwnd=48300972
[2026-06-15 20:50:13] do_paste: foreground=True
[2026-06-15 20:50:13] do_paste: click + clear + ctrl+v + cursor restore + enter sent
[2026-06-15 20:50:13] do_paste: click=True
[2026-06-15 20:50:13] picker_refresh total=1050ms flash=1018ms recycling=790ms minutes=990ms filters=45ms build=2ms items=11
[2026-06-15 20:50:13] do_paste: click + clear + ctrl+v + cursor restore + enter sent
[2026-06-15 20:50:19] picker_refresh total=6391ms flash=6360ms recycling=6021ms minutes=6104ms filters=0ms build=2ms items=11
[2026-06-15 20:50:21] do_paste start: name='Обтекатель' hwnd=48300972
[2026-06-15 20:50:21] do_paste: foreground=True
[2026-06-15 20:50:21] do_paste: click=True
[2026-06-15 20:50:22] do_paste: click + clear + ctrl+v + cursor restore + enter sent
[2026-06-15 20:50:31] salvage stopped: confirm button not found
[2026-06-15 20:50:31] picker_refresh total=2723ms flash=834ms recycling=806ms minutes=2690ms filters=46ms build=2ms items=11
[2026-06-15 20:50:43] picker_refresh total=1491ms flash=1140ms recycling=1259ms minutes=1460ms filters=50ms build=2ms items=11
[2026-06-15 20:50:54] picker_refresh total=1097ms flash=804ms recycling=853ms minutes=1066ms filters=50ms build=2ms items=11
[2026-06-15 20:51:05] picker_refresh total=1014ms flash=854ms recycling=807ms minutes=982ms filters=51ms build=3ms items=11
[2026-06-15 20:51:16] picker_refresh total=1045ms flash=765ms recycling=817ms minutes=1012ms filters=45ms build=2ms items=11
[2026-06-15 20:51:27] picker_refresh total=919ms flash=742ms recycling=712ms minutes=887ms filters=48ms build=2ms items=11
[2026-06-15 20:51:38] picker_refresh total=984ms flash=731ms recycling=828ms minutes=953ms filters=46ms build=2ms items=11
[2026-06-15 20:51:49] picker_refresh total=1390ms flash=760ms recycling=766ms minutes=1357ms filters=45ms build=3ms items=11
[2026-06-15 20:52:01] picker_refresh total=1174ms flash=944ms recycling=987ms minutes=1135ms filters=47ms build=2ms items=11
[2026-06-15 20:52:12] picker_refresh total=1095ms flash=805ms recycling=889ms minutes=1063ms filters=48ms build=2ms items=11
[2026-06-15 20:52:23] picker_refresh total=1090ms flash=796ms recycling=794ms minutes=1059ms filters=45ms build=2ms items=11
[2026-06-15 20:52:34] picker_refresh total=877ms flash=739ms recycling=728ms minutes=845ms filters=50ms build=2ms items=11
[2026-06-15 20:52:45] picker_refresh total=1078ms flash=709ms recycling=799ms minutes=1045ms filters=47ms build=2ms items=11
[2026-06-15 20:52:56] picker_refresh total=922ms flash=738ms recycling=781ms minutes=889ms filters=45ms build=2ms items=11
[2026-06-15 20:53:07] picker_refresh total=974ms flash=770ms recycling=837ms minutes=942ms filters=46ms build=2ms items=11
[2026-06-15 20:53:18] picker_refresh total=968ms flash=768ms recycling=799ms minutes=937ms filters=46ms build=2ms items=11
[2026-06-15 20:53:29] picker_refresh total=993ms flash=752ms recycling=835ms minutes=960ms filters=47ms build=2ms items=11
[2026-06-15 20:53:40] picker_refresh total=1789ms flash=1171ms recycling=760ms minutes=1756ms filters=48ms build=2ms items=11
[2026-06-15 20:53:52] picker_refresh total=1346ms flash=1005ms recycling=1084ms minutes=1314ms filters=50ms build=2ms items=11
[2026-06-15 20:54:03] picker_refresh total=1092ms flash=859ms recycling=898ms minutes=1061ms filters=47ms build=2ms items=11
[2026-06-15 20:54:14] picker_refresh total=983ms flash=771ms recycling=805ms minutes=950ms filters=47ms build=2ms items=11
[2026-06-15 20:54:25] picker_refresh total=1056ms flash=803ms recycling=837ms minutes=1024ms filters=47ms build=2ms items=11
[2026-06-15 20:54:36] picker_refresh total=926ms flash=762ms recycling=748ms minutes=895ms filters=47ms build=2ms items=11
[2026-06-15 20:54:47] picker_refresh total=937ms flash=749ms recycling=723ms minutes=906ms filters=46ms build=2ms items=11
[2026-06-15 20:54:58] picker_refresh total=867ms flash=691ms recycling=698ms minutes=834ms filters=45ms build=2ms items=11
[2026-06-15 20:55:09] picker_refresh total=1113ms flash=658ms recycling=706ms minutes=1081ms filters=46ms build=2ms items=8
[2026-06-15 20:55:10] picker_refresh total=1043ms flash=822ms recycling=862ms minutes=1011ms filters=0ms build=2ms items=8
[2026-06-15 20:55:11] picker_refresh total=987ms flash=763ms recycling=812ms minutes=955ms filters=45ms build=2ms items=8
[2026-06-15 20:55:12] picker_refresh total=941ms flash=909ms recycling=779ms minutes=845ms filters=0ms build=2ms items=8
[2026-06-15 20:55:16] do_paste start: name='Задний фонарь' hwnd=48300972
[2026-06-15 20:55:16] do_paste: foreground=True
[2026-06-15 20:55:16] do_paste: click=True
[2026-06-15 20:55:16] do_paste: click + clear + ctrl+v + cursor restore + enter sent
[2026-06-15 20:55:17] picker_refresh total=4171ms flash=4138ms recycling=3854ms minutes=3802ms filters=46ms build=3ms items=8
[2026-06-15 20:55:22] do_paste start: name='Обтекатель' hwnd=48300972
[2026-06-15 20:55:22] do_paste: foreground=True
[2026-06-15 20:55:22] do_paste: click=True
[2026-06-15 20:55:22] do_paste: click + clear + ctrl+v + cursor restore + enter sent
[2026-06-15 20:55:25] picker_refresh total=6102ms flash=5857ms recycling=6071ms minutes=5873ms filters=46ms build=2ms items=8
[2026-06-15 20:55:29] do_paste start: name='Задний фонарь' hwnd=48300972
[2026-06-15 20:55:29] do_paste: foreground=True
[2026-06-15 20:55:29] do_paste: click=True
[2026-06-15 20:55:30] do_paste: click + clear + ctrl+v + cursor restore + enter sent
[2026-06-15 20:55:30] do_paste start: name='Гренадер' hwnd=48300972
[2026-06-15 20:55:30] do_paste: foreground=True
[2026-06-15 20:55:30] do_paste: click=True
[2026-06-15 20:55:30] do_paste: click + clear + ctrl+v + cursor restore + enter sent
[2026-06-15 20:55:30] do_paste start: name='Задний фонарь' hwnd=48300972
[2026-06-15 20:55:30] do_paste: foreground=True
[2026-06-15 20:55:30] do_paste: click=True
[2026-06-15 20:55:30] do_paste: click + clear + ctrl+v + cursor restore + enter sent
[2026-06-15 20:55:31] do_paste start: name='Гренадер' hwnd=48300972
[2026-06-15 20:55:31] do_paste: foreground=True
[2026-06-15 20:55:31] do_paste: click=True
[2026-06-15 20:55:31] do_paste: click + clear + ctrl+v + cursor restore + enter sent
[2026-06-15 20:55:31] do_paste start: name='Эгида-Прайм' hwnd=48300972
[2026-06-15 20:55:31] do_paste: foreground=True
[2026-06-15 20:55:31] do_paste: click=True
[2026-06-15 20:55:31] do_paste: click + clear + ctrl+v + cursor restore + enter sent
[2026-06-15 20:55:31] do_paste start: name='Замкнутый круг' hwnd=48300972
[2026-06-15 20:55:31] do_paste: foreground=True
[2026-06-15 20:55:31] do_paste: click=True
[2026-06-15 20:55:31] do_paste: click + clear + ctrl+v + cursor restore + enter sent
[2026-06-15 20:55:32] do_paste start: name='Эгида-Прайм' hwnd=48300972
[2026-06-15 20:55:32] do_paste: foreground=True
[2026-06-15 20:55:32] do_paste: click=True
[2026-06-15 20:55:32] do_paste start: name='Гренадер' hwnd=48300972
[2026-06-15 20:55:32] do_paste: foreground=True
[2026-06-15 20:55:32] do_paste: click + clear + ctrl+v + cursor restore + enter sent
[2026-06-15 20:55:32] do_paste: click=True
[2026-06-15 20:55:32] do_paste: click + clear + ctrl+v + cursor restore + enter sent
[2026-06-15 20:55:32] do_paste start: name='Задний фонарь' hwnd=48300972
[2026-06-15 20:55:32] do_paste: foreground=True
[2026-06-15 20:55:32] do_paste: click=True
[2026-06-15 20:55:32] do_paste: click + clear + ctrl+v + cursor restore + enter sent
[2026-06-15 20:55:32] do_paste start: name='Обтекатель' hwnd=48300972
[2026-06-15 20:55:32] do_paste: foreground=True
[2026-06-15 20:55:33] do_paste: click=True
[2026-06-15 20:55:33] do_paste: click + clear + ctrl+v + cursor restore + enter sent
[2026-06-15 20:55:33] do_paste start: name='Череп' hwnd=48300972
[2026-06-15 20:55:33] do_paste: foreground=True
[2026-06-15 20:55:33] do_paste: click=True
[2026-06-15 20:55:33] do_paste: click + clear + ctrl+v + cursor restore + enter sent
[2026-06-15 20:55:36] picker_refresh total=1078ms flash=803ms recycling=832ms minutes=1046ms filters=48ms build=2ms items=8
[2026-06-15 20:55:47] picker_refresh total=808ms flash=639ms recycling=693ms minutes=773ms filters=48ms build=2ms items=8
[2026-06-15 20:55:58] picker_refresh total=1045ms flash=815ms recycling=866ms minutes=1013ms filters=48ms build=2ms items=8
[2026-06-15 20:56:09] picker_refresh total=940ms flash=800ms recycling=909ms minutes=870ms filters=48ms build=2ms items=8
[2026-06-15 20:56:20] picker_refresh total=971ms flash=770ms recycling=832ms minutes=939ms filters=45ms build=2ms items=8
[2026-06-15 20:56:31] picker_refresh total=1129ms flash=782ms recycling=806ms minutes=1095ms filters=45ms build=2ms items=8
[2026-06-15 20:56:42] picker_refresh total=1033ms flash=845ms recycling=871ms minutes=1002ms filters=45ms build=2ms items=8
[2026-06-15 20:56:53] picker_refresh total=1137ms flash=883ms recycling=938ms minutes=1105ms filters=45ms build=2ms items=8
[2026-06-15 20:57:04] picker_refresh total=944ms flash=757ms recycling=758ms minutes=910ms filters=47ms build=3ms items=8
[2026-06-15 20:57:11] do_paste start: name='Доке левое' hwnd=48300972
[2026-06-15 20:57:11] do_paste: foreground=True
[2026-06-15 20:57:11] do_paste: click=True
[2026-06-15 20:57:11] do_paste: click + clear + ctrl+v + cursor restore + enter sent
[2026-06-15 20:57:12] do_paste start: name='Зеркало вездехода левое' hwnd=48300972
[2026-06-15 20:57:12] do_paste: foreground=True
[2026-06-15 20:57:12] do_paste: click=True
[2026-06-15 20:57:12] do_paste: click + clear + ctrl+v + cursor restore + enter sent
[2026-06-15 20:57:15] picker_refresh total=1059ms flash=607ms recycling=622ms minutes=1026ms filters=47ms build=2ms items=8
[2026-06-15 20:57:17] salvage stopped: confirm button not found
[2026-06-15 20:57:26] picker_refresh total=910ms flash=821ms recycling=824ms minutes=878ms filters=47ms build=2ms items=8
[2026-06-15 20:57:30] salvage stopped: confirm button not found
[2026-06-15 20:57:37] picker_refresh total=894ms flash=736ms recycling=794ms minutes=862ms filters=46ms build=2ms items=8
[2026-06-15 20:57:48] picker_refresh total=982ms flash=779ms recycling=820ms minutes=949ms filters=49ms build=2ms items=8
[2026-06-15 20:57:59] picker_refresh total=1156ms flash=749ms recycling=919ms minutes=1123ms filters=45ms build=2ms items=8
[2026-06-15 20:58:10] picker_refresh total=997ms flash=761ms recycling=806ms minutes=965ms filters=47ms build=2ms items=8
[2026-06-15 20:58:21] picker_refresh total=1397ms flash=1255ms recycling=1193ms minutes=1363ms filters=46ms build=2ms items=8
[2026-06-15 20:58:32] picker_refresh total=928ms flash=741ms recycling=762ms minutes=896ms filters=47ms build=2ms items=8
[2026-06-15 20:58:44] picker_refresh total=1336ms flash=749ms recycling=779ms minutes=1301ms filters=53ms build=2ms items=8
[2026-06-15 20:58:55] picker_refresh total=1089ms flash=784ms recycling=767ms minutes=1056ms filters=47ms build=2ms items=8
[2026-06-15 20:59:06] picker_refresh total=1077ms flash=789ms recycling=835ms minutes=1044ms filters=46ms build=2ms items=8
[2026-06-15 20:59:17] picker_refresh total=934ms flash=755ms recycling=818ms minutes=902ms filters=46ms build=2ms items=8
[2026-06-15 20:59:28] picker_refresh total=935ms flash=792ms recycling=844ms minutes=900ms filters=47ms build=2ms items=8
[2026-06-15 20:59:39] picker_refresh total=1202ms flash=1034ms recycling=777ms minutes=1170ms filters=46ms build=2ms items=8
[2026-06-15 20:59:50] picker_refresh total=1121ms flash=809ms recycling=866ms minutes=1089ms filters=48ms build=2ms items=8
[2026-06-15 21:00:02] picker_refresh total=1849ms flash=714ms recycling=701ms minutes=1816ms filters=48ms build=2ms items=8
[2026-06-15 21:00:10] picker_refresh total=1083ms flash=851ms recycling=871ms minutes=1050ms filters=47ms build=2ms items=8
[2026-06-15 21:00:11] picker_refresh total=938ms flash=715ms recycling=787ms minutes=905ms filters=0ms build=2ms items=8
[2026-06-15 21:00:12] picker_refresh total=1073ms flash=961ms recycling=984ms minutes=1042ms filters=45ms build=2ms items=8
[2026-06-15 21:00:16] picker_refresh total=3828ms flash=3669ms recycling=3797ms minutes=3522ms filters=0ms build=2ms items=8
[2026-06-15 21:00:22] picker_refresh total=5051ms flash=4810ms recycling=4825ms minutes=5019ms filters=47ms build=2ms items=8
[2026-06-15 21:00:27] picker_refresh total=4575ms flash=4331ms recycling=4371ms minutes=4543ms filters=46ms build=2ms items=8
[2026-06-15 21:00:38] picker_refresh total=955ms flash=722ms recycling=731ms minutes=922ms filters=48ms build=3ms items=8
[2026-06-15 21:00:48] picker_refresh total=910ms flash=688ms recycling=507ms minutes=878ms filters=49ms build=2ms items=8
[2026-06-15 21:01:00] picker_refresh total=1119ms flash=912ms recycling=908ms minutes=1087ms filters=45ms build=2ms items=8
[2026-06-15 21:01:11] picker_refresh total=967ms flash=730ms recycling=744ms minutes=935ms filters=46ms build=2ms items=8
[2026-06-15 21:01:21] picker_refresh total=906ms flash=771ms recycling=766ms minutes=875ms filters=45ms build=3ms items=8
[2026-06-15 21:01:32] picker_refresh total=920ms flash=725ms recycling=761ms minutes=889ms filters=47ms build=2ms items=8
[2026-06-15 21:01:43] picker_refresh total=1014ms flash=739ms recycling=834ms minutes=981ms filters=49ms build=3ms items=8
[2026-06-15 21:01:54] do_paste start: name='Зеркало вездехода левое' hwnd=48300972
[2026-06-15 21:01:54] do_paste: foreground=True
[2026-06-15 21:01:54] do_paste: click=True
[2026-06-15 21:01:54] do_paste: click + clear + ctrl+v + cursor restore + enter sent
[2026-06-15 21:01:55] do_paste start: name='Череп' hwnd=48300972
[2026-06-15 21:01:55] do_paste: foreground=True
[2026-06-15 21:01:55] do_paste: click=True
[2026-06-15 21:01:55] do_paste: click + clear + ctrl+v + cursor restore + enter sent
[2026-06-15 21:01:55] do_paste start: name='Задний фонарь' hwnd=48300972
[2026-06-15 21:01:55] do_paste: foreground=True
[2026-06-15 21:01:55] do_paste: click=True
[2026-06-15 21:01:55] do_paste start: name='Обтекатель' hwnd=48300972
[2026-06-15 21:01:55] do_paste: foreground=True
[2026-06-15 21:01:55] do_paste: click + clear + ctrl+v + cursor restore + enter sent
[2026-06-15 21:01:55] do_paste: click=True
[2026-06-15 21:01:55] do_paste: click + clear + ctrl+v + cursor restore + enter sent
[2026-06-15 21:01:55] do_paste start: name='Задний фонарь' hwnd=48300972
[2026-06-15 21:01:55] do_paste: foreground=True
[2026-06-15 21:01:55] do_paste: click=True
[2026-06-15 21:01:55] do_paste: click + clear + ctrl+v + cursor restore + enter sent
[2026-06-15 21:01:55] picker_refresh total=1963ms flash=1736ms recycling=1837ms minutes=1930ms filters=46ms build=2ms items=8
[2026-06-15 21:01:55] do_paste start: name='Череп' hwnd=48300972
[2026-06-15 21:01:55] do_paste: foreground=True
[2026-06-15 21:01:55] do_paste: click=True
[2026-06-15 21:01:55] do_paste start: name='Зеркало вездехода левое' hwnd=48300972
[2026-06-15 21:01:55] do_paste: foreground=True
[2026-06-15 21:01:55] do_paste: click + clear + ctrl+v + cursor restore + enter sent
[2026-06-15 21:01:56] do_paste: click=True
[2026-06-15 21:01:56] do_paste: click + clear + ctrl+v + cursor restore + enter sent
[2026-06-15 21:01:56] do_paste start: name='Череп' hwnd=48300972
[2026-06-15 21:01:56] do_paste: foreground=True
[2026-06-15 21:01:56] do_paste: click=True
[2026-06-15 21:01:56] do_paste: click + clear + ctrl+v + cursor restore + enter sent
[2026-06-15 21:02:06] picker_refresh total=1038ms flash=778ms recycling=799ms minutes=1006ms filters=45ms build=2ms items=8
[2026-06-15 21:02:14] do_paste start: name='Зеркало вездехода левое' hwnd=48300972
[2026-06-15 21:02:14] do_paste: foreground=True
[2026-06-15 21:02:14] do_paste: click=True
[2026-06-15 21:02:14] do_paste: click + clear + ctrl+v + cursor restore + enter sent
[2026-06-15 21:02:16] do_paste start: name='Череп' hwnd=48300972
[2026-06-15 21:02:16] do_paste: foreground=True
[2026-06-15 21:02:16] do_paste: click=True
[2026-06-15 21:02:16] do_paste: click + clear + ctrl+v + cursor restore + enter sent
[2026-06-15 21:02:16] do_paste start: name='Задний фонарь' hwnd=48300972
[2026-06-15 21:02:16] do_paste: foreground=True
[2026-06-15 21:02:16] do_paste: click=True
[2026-06-15 21:02:16] do_paste: click + clear + ctrl+v + cursor restore + enter sent
[2026-06-15 21:02:17] do_paste start: name='Обтекатель' hwnd=48300972
[2026-06-15 21:02:17] do_paste: foreground=True
[2026-06-15 21:02:17] do_paste: click=True
[2026-06-15 21:02:17] do_paste: click + clear + ctrl+v + cursor restore + enter sent
[2026-06-15 21:02:17] picker_refresh total=848ms flash=729ms recycling=792ms minutes=816ms filters=46ms build=2ms items=8
[2026-06-15 21:02:24] do_paste start: name='Гренадер' hwnd=48300972
[2026-06-15 21:02:24] do_paste: foreground=True
[2026-06-15 21:02:24] do_paste: click=True
[2026-06-15 21:02:24] do_paste: click + clear + ctrl+v + cursor restore + enter sent
[2026-06-15 21:02:24] do_paste start: name='МВП Торпеда' hwnd=48300972
[2026-06-15 21:02:24] do_paste: foreground=True
[2026-06-15 21:02:24] do_paste: click=True
[2026-06-15 21:02:24] do_paste: click + clear + ctrl+v + cursor restore + enter sent
[2026-06-15 21:02:28] picker_refresh total=937ms flash=755ms recycling=820ms minutes=906ms filters=46ms build=2ms items=8
[2026-06-15 21:02:30] do_paste start: name='Замкнутый круг' hwnd=48300972
[2026-06-15 21:02:30] do_paste: foreground=True
[2026-06-15 21:02:30] do_paste: click=True
[2026-06-15 21:02:30] do_paste: click + clear + ctrl+v + cursor restore + enter sent
[2026-06-15 21:02:31] do_paste start: name='МВП Торпеда' hwnd=48300972
[2026-06-15 21:02:31] do_paste: foreground=True
[2026-06-15 21:02:31] do_paste: click=True
[2026-06-15 21:02:31] do_paste: click + clear + ctrl+v + cursor restore + enter sent
[2026-06-15 21:02:31] do_paste start: name='Гренадер' hwnd=48300972
[2026-06-15 21:02:31] do_paste: foreground=True
[2026-06-15 21:02:31] do_paste: click=True
[2026-06-15 21:02:31] do_paste: click + clear + ctrl+v + cursor restore + enter sent
[2026-06-15 21:02:35] do_paste start: name='МВП Торпеда' hwnd=48300972
[2026-06-15 21:02:35] do_paste: foreground=True
[2026-06-15 21:02:35] do_paste: click=True
[2026-06-15 21:02:35] do_paste: click + clear + ctrl+v + cursor restore + enter sent
[2026-06-15 21:02:39] picker_refresh total=1141ms flash=772ms recycling=908ms minutes=1109ms filters=46ms build=2ms items=8
[2026-06-15 21:02:50] picker_refresh total=985ms flash=748ms recycling=759ms minutes=946ms filters=48ms build=2ms items=8
[2026-06-15 21:03:01] picker_refresh total=1129ms flash=1033ms recycling=1098ms minutes=935ms filters=45ms build=2ms items=8
[2026-06-15 21:03:12] picker_refresh total=970ms flash=712ms recycling=761ms minutes=936ms filters=51ms build=3ms items=8
[2026-06-15 21:03:23] picker_refresh total=901ms flash=699ms recycling=717ms minutes=869ms filters=47ms build=2ms items=8
[2026-06-15 21:03:34] picker_refresh total=1032ms flash=777ms recycling=820ms minutes=1000ms filters=46ms build=2ms items=8
[2026-06-15 21:03:45] picker_refresh total=936ms flash=719ms recycling=749ms minutes=905ms filters=46ms build=2ms items=8
[2026-06-15 21:03:56] picker_refresh total=913ms flash=710ms recycling=777ms minutes=880ms filters=47ms build=2ms items=8
[2026-06-15 21:04:07] picker_refresh total=922ms flash=738ms recycling=753ms minutes=890ms filters=47ms build=2ms items=8
[2026-06-15 21:04:18] picker_refresh total=995ms flash=725ms recycling=928ms minutes=963ms filters=46ms build=2ms items=8
[2026-06-15 21:04:29] picker_refresh total=1014ms flash=791ms recycling=806ms minutes=982ms filters=45ms build=2ms items=8
[2026-06-15 21:04:40] picker_refresh total=952ms flash=758ms recycling=816ms minutes=920ms filters=48ms build=2ms items=8
[2026-06-15 21:04:51] picker_refresh total=994ms flash=531ms recycling=789ms minutes=961ms filters=47ms build=3ms items=8
[2026-06-15 21:05:03] picker_refresh total=1427ms flash=964ms recycling=1126ms minutes=1394ms filters=48ms build=2ms items=8
[2026-06-15 21:05:12] picker_refresh total=1101ms flash=863ms recycling=844ms minutes=1068ms filters=46ms build=2ms items=8
[2026-06-15 21:05:13] picker_refresh total=1214ms flash=927ms recycling=958ms minutes=1183ms filters=0ms build=2ms items=8
[2026-06-15 21:05:15] picker_refresh total=1203ms flash=1028ms recycling=1111ms minutes=1172ms filters=47ms build=2ms items=8
[2026-06-15 21:05:18] picker_refresh total=3349ms flash=3318ms recycling=2866ms minutes=2884ms filters=46ms build=2ms items=8
[2026-06-15 21:05:24] picker_refresh total=5169ms flash=5137ms recycling=4960ms minutes=5043ms filters=46ms build=2ms items=8
[2026-06-15 21:05:34] picker_refresh total=1034ms flash=783ms recycling=823ms minutes=1002ms filters=46ms build=2ms items=8
[2026-06-15 21:05:45] picker_refresh total=947ms flash=676ms recycling=758ms minutes=915ms filters=46ms build=2ms items=8
[2026-06-15 21:05:55] picker_refresh total=873ms flash=459ms recycling=704ms minutes=840ms filters=47ms build=2ms items=8
[2026-06-15 21:06:06] picker_refresh total=847ms flash=672ms recycling=638ms minutes=815ms filters=47ms build=2ms items=8
[2026-06-15 21:06:17] picker_refresh total=1021ms flash=669ms recycling=726ms minutes=989ms filters=46ms build=2ms items=8
[2026-06-15 21:06:23] do_paste start: name='Замкнутый круг' hwnd=48300972
[2026-06-15 21:06:23] do_paste: foreground=True
[2026-06-15 21:06:23] do_paste: click=True
[2026-06-15 21:06:23] do_paste: click + clear + ctrl+v + cursor restore + enter sent
[2026-06-15 21:06:23] do_paste start: name='Эгида-Прайм' hwnd=48300972
[2026-06-15 21:06:23] do_paste: foreground=True
[2026-06-15 21:06:23] do_paste: click=True
[2026-06-15 21:06:23] do_paste: click + clear + ctrl+v + cursor restore + enter sent
[2026-06-15 21:06:24] do_paste start: name='Замкнутый круг' hwnd=48300972
[2026-06-15 21:06:24] do_paste: foreground=True
[2026-06-15 21:06:24] do_paste: click=True
[2026-06-15 21:06:24] do_paste: click + clear + ctrl+v + cursor restore + enter sent
[2026-06-15 21:06:24] do_paste start: name='Эгида-Прайм' hwnd=48300972
[2026-06-15 21:06:24] do_paste: foreground=True
[2026-06-15 21:06:24] do_paste: click=True
[2026-06-15 21:06:25] do_paste: click + clear + ctrl+v + cursor restore + enter sent
[2026-06-15 21:06:26] do_paste start: name='МВП Торпеда' hwnd=48300972
[2026-06-15 21:06:26] do_paste: foreground=True
[2026-06-15 21:06:26] do_paste: click=True
[2026-06-15 21:06:26] do_paste start: name='Гироскоп' hwnd=48300972
[2026-06-15 21:06:26] do_paste: foreground=True
[2026-06-15 21:06:26] do_paste: click + clear + ctrl+v + cursor restore + enter sent
[2026-06-15 21:06:27] do_paste: click=True
[2026-06-15 21:06:27] do_paste start: name='Задний фонарь' hwnd=48300972
[2026-06-15 21:06:27] do_paste: foreground=True
[2026-06-15 21:06:27] do_paste: click + clear + ctrl+v + cursor restore + enter sent
[2026-06-15 21:06:27] do_paste: click=True
[2026-06-15 21:06:27] do_paste: click + clear + ctrl+v + cursor restore + enter sent
[2026-06-15 21:06:28] picker_refresh total=1029ms flash=754ms recycling=795ms minutes=980ms filters=46ms build=3ms items=8
[2026-06-15 21:06:39] picker_refresh total=982ms flash=739ms recycling=753ms minutes=950ms filters=45ms build=2ms items=8
[2026-06-15 21:06:50] picker_refresh total=1008ms flash=748ms recycling=764ms minutes=976ms filters=46ms build=2ms items=8
[2026-06-15 21:07:02] picker_refresh total=1621ms flash=1325ms recycling=1285ms minutes=1588ms filters=45ms build=2ms items=8
[2026-06-15 21:07:13] picker_refresh total=1360ms flash=850ms recycling=872ms minutes=1326ms filters=47ms build=2ms items=8
[2026-06-15 21:07:24] picker_refresh total=990ms flash=774ms recycling=816ms minutes=953ms filters=47ms build=2ms items=8
[2026-06-15 21:07:35] picker_refresh total=921ms flash=743ms recycling=792ms minutes=888ms filters=46ms build=2ms items=8
[2026-06-15 21:07:46] picker_refresh total=978ms flash=571ms recycling=780ms minutes=945ms filters=45ms build=2ms items=8
[2026-06-15 21:07:57] picker_refresh total=981ms flash=736ms recycling=773ms minutes=947ms filters=45ms build=2ms items=8
[2026-06-15 21:08:08] picker_refresh total=984ms flash=724ms recycling=776ms minutes=952ms filters=47ms build=2ms items=8
[2026-06-15 21:08:19] picker_refresh total=937ms flash=716ms recycling=736ms minutes=905ms filters=46ms build=2ms items=8
[2026-06-15 21:08:30] picker_refresh total=864ms flash=683ms recycling=749ms minutes=832ms filters=46ms build=3ms items=8
[2026-06-15 21:08:41] picker_refresh total=977ms flash=719ms recycling=722ms minutes=943ms filters=45ms build=2ms items=8
[2026-06-15 21:08:52] picker_refresh total=954ms flash=773ms recycling=743ms minutes=923ms filters=47ms build=2ms items=8
[2026-06-15 21:09:03] picker_refresh total=969ms flash=744ms recycling=775ms minutes=937ms filters=47ms build=2ms items=8
[2026-06-15 21:09:14] picker_refresh total=1149ms flash=882ms recycling=770ms minutes=1117ms filters=46ms build=2ms items=8
[2026-06-15 21:09:25] picker_refresh total=1068ms flash=810ms recycling=823ms minutes=1033ms filters=46ms build=2ms items=8
[2026-06-15 21:09:36] picker_refresh total=973ms flash=759ms recycling=802ms minutes=941ms filters=47ms build=2ms items=8
[2026-06-15 21:09:48] picker_refresh total=1555ms flash=1016ms recycling=825ms minutes=1523ms filters=48ms build=2ms items=8
[2026-06-15 21:09:59] picker_refresh total=1231ms flash=1040ms recycling=958ms minutes=1199ms filters=46ms build=2ms items=8
[2026-06-15 21:10:10] picker_refresh total=1180ms flash=890ms recycling=912ms minutes=1147ms filters=46ms build=3ms items=8
[2026-06-15 21:10:12] picker_refresh total=1354ms flash=822ms recycling=1321ms minutes=917ms filters=0ms build=3ms items=8
[2026-06-15 21:10:13] picker_refresh total=1181ms flash=854ms recycling=876ms minutes=1149ms filters=46ms build=2ms items=8
[2026-06-15 21:10:17] picker_refresh total=3948ms flash=3916ms recycling=3600ms minutes=3896ms filters=45ms build=2ms items=8
[2026-06-15 21:10:23] picker_refresh total=2445ms flash=2163ms recycling=2353ms minutes=2411ms filters=48ms build=2ms items=8
[2026-06-15 21:10:33] picker_refresh total=779ms flash=695ms recycling=746ms minutes=589ms filters=50ms build=2ms items=8
[2026-06-15 21:10:46] picker_refresh total=2332ms flash=611ms recycling=615ms minutes=2300ms filters=47ms build=2ms items=8
[2026-06-15 21:10:57] picker_refresh total=1444ms flash=1072ms recycling=1123ms minutes=1412ms filters=46ms build=2ms items=8
[2026-06-15 21:11:08] picker_refresh total=1096ms flash=915ms recycling=855ms minutes=1060ms filters=46ms build=2ms items=8
[2026-06-15 21:11:19] picker_refresh total=1006ms flash=756ms recycling=771ms minutes=974ms filters=46ms build=2ms items=8
[2026-06-15 21:11:24] salvage stopped: confirm button not found
[2026-06-15 21:11:30] picker_refresh total=1008ms flash=798ms recycling=852ms minutes=976ms filters=47ms build=2ms items=8
[2026-06-15 21:11:41] picker_refresh total=995ms flash=721ms recycling=736ms minutes=963ms filters=45ms build=2ms items=8
[2026-06-15 21:11:52] picker_refresh total=980ms flash=779ms recycling=773ms minutes=946ms filters=45ms build=2ms items=8
[2026-06-15 21:12:03] picker_refresh total=945ms flash=748ms recycling=791ms minutes=913ms filters=48ms build=2ms items=8
[2026-06-15 21:12:15] picker_refresh total=1885ms flash=676ms recycling=667ms minutes=1854ms filters=48ms build=2ms items=8
[2026-06-15 21:12:26] picker_refresh total=1284ms flash=847ms recycling=767ms minutes=1252ms filters=45ms build=2ms items=8
[2026-06-15 21:12:37] picker_refresh total=928ms flash=660ms recycling=701ms minutes=894ms filters=46ms build=3ms items=8
[2026-06-15 21:12:48] picker_refresh total=1157ms flash=823ms recycling=906ms minutes=1125ms filters=46ms build=2ms items=8
[2026-06-15 21:12:59] picker_refresh total=1004ms flash=724ms recycling=769ms minutes=972ms filters=45ms build=2ms items=8
[2026-06-15 21:13:10] picker_refresh total=914ms flash=708ms recycling=804ms minutes=881ms filters=46ms build=2ms items=8
[2026-06-15 21:13:21] picker_refresh total=927ms flash=748ms recycling=722ms minutes=893ms filters=47ms build=2ms items=8
[2026-06-15 21:13:32] picker_refresh total=982ms flash=667ms recycling=788ms minutes=950ms filters=45ms build=2ms items=8
[2026-06-15 21:13:43] picker_refresh total=898ms flash=647ms recycling=774ms minutes=867ms filters=46ms build=2ms items=8
[2026-06-15 21:13:54] picker_refresh total=972ms flash=779ms recycling=759ms minutes=940ms filters=45ms build=2ms items=8
[2026-06-15 21:14:06] picker_refresh total=1693ms flash=630ms recycling=1654ms minutes=1039ms filters=45ms build=2ms items=8
[2026-06-15 21:14:17] picker_refresh total=1038ms flash=776ms recycling=795ms minutes=1006ms filters=45ms build=2ms items=8
[2026-06-15 21:14:28] picker_refresh total=1041ms flash=854ms recycling=838ms minutes=1009ms filters=45ms build=2ms items=8
[2026-06-15 21:14:39] picker_refresh total=961ms flash=703ms recycling=702ms minutes=928ms filters=45ms build=2ms items=8
[2026-06-15 21:14:50] picker_refresh total=1012ms flash=734ms recycling=753ms minutes=977ms filters=46ms build=2ms items=8
[2026-06-15 21:15:01] picker_refresh total=977ms flash=792ms recycling=892ms minutes=945ms filters=46ms build=2ms items=8
[2026-06-15 21:15:09] picker_refresh total=965ms flash=760ms recycling=771ms minutes=934ms filters=45ms build=2ms items=8
[2026-06-15 21:15:11] picker_refresh total=1023ms flash=711ms recycling=946ms minutes=991ms filters=0ms build=2ms items=8
[2026-06-15 21:15:12] picker_refresh total=854ms flash=614ms recycling=749ms minutes=820ms filters=45ms build=2ms items=8
[2026-06-15 21:15:13] picker_refresh total=1307ms flash=1082ms recycling=1111ms minutes=1276ms filters=0ms build=2ms items=8
[2026-06-15 21:15:25] picker_refresh total=3219ms flash=2934ms recycling=2966ms minutes=3186ms filters=46ms build=2ms items=8
[2026-06-15 21:15:32] do_paste start: name='Замкнутый круг' hwnd=48300972
[2026-06-15 21:15:32] do_paste: foreground=True
[2026-06-15 21:15:32] do_paste: click=True
[2026-06-15 21:15:32] do_paste: click + clear + ctrl+v + cursor restore + enter sent
[2026-06-15 21:15:33] do_paste start: name='Морта' hwnd=48300972
[2026-06-15 21:15:33] do_paste: foreground=True
[2026-06-15 21:15:33] do_paste: click=True
[2026-06-15 21:15:33] do_paste: click + clear + ctrl+v + cursor restore + enter sent
[2026-06-15 21:15:34] do_paste start: name='Б12 Голубка' hwnd=48300972
[2026-06-15 21:15:34] do_paste: foreground=True
[2026-06-15 21:15:34] do_paste: click=True
[2026-06-15 21:15:34] do_paste: click + clear + ctrl+v + cursor restore + enter sent
[2026-06-15 21:15:35] do_paste start: name='Эгида-Прайм' hwnd=48300972
[2026-06-15 21:15:35] do_paste: foreground=True
[2026-06-15 21:15:35] do_paste: click=True
[2026-06-15 21:15:35] do_paste: click + clear + ctrl+v + cursor restore + enter sent
[2026-06-15 21:15:35] do_paste start: name='Б12 Голубка' hwnd=48300972
[2026-06-15 21:15:35] do_paste: foreground=True
[2026-06-15 21:15:35] do_paste: click=True
[2026-06-15 21:15:35] do_paste: click + clear + ctrl+v + cursor restore + enter sent
[2026-06-15 21:15:37] picker_refresh total=2037ms flash=1805ms recycling=1712ms minutes=2005ms filters=46ms build=2ms items=8
[2026-06-15 21:15:43] do_paste start: name='Эгида-Прайм' hwnd=48300972
[2026-06-15 21:15:43] do_paste: foreground=True
[2026-06-15 21:15:43] do_paste: click=True
[2026-06-15 21:15:43] do_paste: click + clear + ctrl+v + cursor restore + enter sent
[2026-06-15 21:15:43] do_paste start: name='Ётун' hwnd=48300972
[2026-06-15 21:15:43] do_paste: foreground=True
[2026-06-15 21:15:43] do_paste: click=True
[2026-06-15 21:15:43] do_paste: click + clear + ctrl+v + cursor restore + enter sent
[2026-06-15 21:15:49] picker_refresh total=1975ms flash=1140ms recycling=916ms minutes=1942ms filters=46ms build=2ms items=8
[2026-06-15 21:16:00] picker_refresh total=1337ms flash=951ms recycling=1022ms minutes=1303ms filters=46ms build=2ms items=8
[2026-06-15 21:16:11] picker_refresh total=1063ms flash=826ms recycling=860ms minutes=1031ms filters=46ms build=2ms items=8
[2026-06-15 21:16:22] picker_refresh total=1068ms flash=770ms recycling=784ms minutes=1036ms filters=46ms build=2ms items=8
[2026-06-15 21:16:33] picker_refresh total=874ms flash=630ms recycling=718ms minutes=839ms filters=45ms build=3ms items=8
[2026-06-15 21:16:44] picker_refresh total=804ms flash=589ms recycling=616ms minutes=772ms filters=47ms build=2ms items=8
[2026-06-15 21:16:55] picker_refresh total=898ms flash=619ms recycling=687ms minutes=866ms filters=45ms build=2ms items=8
[2026-06-15 21:17:06] picker_refresh total=1025ms flash=816ms recycling=845ms minutes=993ms filters=45ms build=2ms items=8
[2026-06-15 21:17:17] picker_refresh total=988ms flash=728ms recycling=843ms minutes=953ms filters=46ms build=3ms items=8
[2026-06-15 21:17:28] picker_refresh total=954ms flash=739ms recycling=591ms minutes=922ms filters=48ms build=2ms items=8
[2026-06-15 21:17:39] picker_refresh total=937ms flash=801ms recycling=793ms minutes=904ms filters=47ms build=2ms items=8
[2026-06-15 21:17:50] picker_refresh total=972ms flash=715ms recycling=729ms minutes=941ms filters=48ms build=2ms items=8
[2026-06-15 21:18:01] picker_refresh total=1050ms flash=908ms recycling=895ms minutes=1015ms filters=46ms build=3ms items=8
[2026-06-15 21:18:12] picker_refresh total=930ms flash=683ms recycling=751ms minutes=897ms filters=49ms build=2ms items=8
[2026-06-15 21:18:23] picker_refresh total=1042ms flash=800ms recycling=833ms minutes=1010ms filters=47ms build=2ms items=8
[2026-06-15 21:18:34] picker_refresh total=1031ms flash=761ms recycling=810ms minutes=998ms filters=47ms build=2ms items=8
[2026-06-15 21:18:46] picker_refresh total=1697ms flash=660ms recycling=1663ms minutes=859ms filters=48ms build=2ms items=8
[2026-06-15 21:18:58] picker_refresh total=1873ms flash=1359ms recycling=1215ms minutes=1840ms filters=46ms build=2ms items=8
[2026-06-15 21:19:09] picker_refresh total=1350ms flash=985ms recycling=1005ms minutes=1317ms filters=46ms build=2ms items=8
[2026-06-15 21:19:20] picker_refresh total=1247ms flash=922ms recycling=831ms minutes=1215ms filters=47ms build=2ms items=8
[2026-06-15 21:19:31] picker_refresh total=1234ms flash=930ms recycling=935ms minutes=1200ms filters=46ms build=2ms items=8
[2026-06-15 21:19:43] picker_refresh total=1343ms flash=1007ms recycling=954ms minutes=1311ms filters=48ms build=2ms items=8
[2026-06-15 21:19:54] picker_refresh total=967ms flash=799ms recycling=847ms minutes=933ms filters=48ms build=3ms items=8
[2026-06-15 21:20:05] picker_refresh total=1073ms flash=820ms recycling=815ms minutes=1041ms filters=50ms build=3ms items=8
[2026-06-15 21:20:10] picker_refresh total=859ms flash=752ms recycling=707ms minutes=824ms filters=46ms build=2ms items=9
[2026-06-15 21:20:12] picker_refresh total=967ms flash=753ms recycling=723ms minutes=933ms filters=0ms build=3ms items=9
[2026-06-15 21:20:13] picker_refresh total=1041ms flash=759ms recycling=810ms minutes=1009ms filters=46ms build=3ms items=9
[2026-06-15 21:20:19] picker_refresh total=5270ms flash=5159ms recycling=5239ms minutes=5237ms filters=0ms build=2ms items=9
[2026-06-15 21:20:22] picker_refresh total=3005ms flash=2820ms recycling=2832ms minutes=2970ms filters=46ms build=3ms items=9
[2026-06-15 21:20:27] picker_refresh total=1737ms flash=1580ms recycling=1586ms minutes=1705ms filters=49ms build=2ms items=9
[2026-06-15 21:20:37] picker_refresh total=889ms flash=702ms recycling=739ms minutes=857ms filters=46ms build=2ms items=9
[2026-06-15 21:20:48] picker_refresh total=962ms flash=707ms recycling=738ms minutes=931ms filters=45ms build=2ms items=9
[2026-06-15 21:21:00] picker_refresh total=1322ms flash=715ms recycling=813ms minutes=1289ms filters=46ms build=2ms items=9
[2026-06-15 21:21:12] picker_refresh total=1884ms flash=1447ms recycling=616ms minutes=1852ms filters=47ms build=2ms items=9
[2026-06-15 21:21:23] picker_refresh total=1135ms flash=878ms recycling=868ms minutes=1103ms filters=46ms build=2ms items=9
[2026-06-15 21:21:34] picker_refresh total=998ms flash=770ms recycling=786ms minutes=966ms filters=45ms build=2ms items=9
[2026-06-15 21:21:45] picker_refresh total=966ms flash=755ms recycling=804ms minutes=933ms filters=49ms build=2ms items=9
[2026-06-15 21:21:56] picker_refresh total=1014ms flash=821ms recycling=813ms minutes=981ms filters=45ms build=2ms items=9
[2026-06-15 21:22:04] do_paste start: name='Череп' hwnd=48300972
[2026-06-15 21:22:04] do_paste: foreground=True
[2026-06-15 21:22:04] do_paste: click=True
[2026-06-15 21:22:04] do_paste: click + clear + ctrl+v + cursor restore + enter sent
[2026-06-15 21:22:04] do_paste start: name='Зеркало вездехода левое' hwnd=48300972
[2026-06-15 21:22:04] do_paste: foreground=True
[2026-06-15 21:22:04] do_paste: click=True
[2026-06-15 21:22:04] do_paste: click + clear + ctrl+v + cursor restore + enter sent
[2026-06-15 21:22:05] do_paste start: name='Череп' hwnd=48300972
[2026-06-15 21:22:05] do_paste: foreground=True
[2026-06-15 21:22:05] do_paste: click=True
[2026-06-15 21:22:05] do_paste: click + clear + ctrl+v + cursor restore + enter sent
[2026-06-15 21:22:07] picker_refresh total=986ms flash=700ms recycling=782ms minutes=954ms filters=46ms build=2ms items=9
[2026-06-15 21:22:09] do_paste start: name='Гироскоп' hwnd=48300972
[2026-06-15 21:22:09] do_paste: foreground=True
[2026-06-15 21:22:09] do_paste: click=True
[2026-06-15 21:22:09] do_paste: click + clear + ctrl+v + cursor restore + enter sent
[2026-06-15 21:22:10] do_paste start: name='Череп' hwnd=48300972
[2026-06-15 21:22:10] do_paste: foreground=True
[2026-06-15 21:22:10] do_paste: click=True
[2026-06-15 21:22:10] do_paste: click + clear + ctrl+v + cursor restore + enter sent
[2026-06-15 21:22:18] do_paste start: name='Зеркало вездехода левое' hwnd=48300972
[2026-06-15 21:22:18] do_paste: foreground=True
[2026-06-15 21:22:18] do_paste: click=True
[2026-06-15 21:22:18] do_paste: click + clear + ctrl+v + cursor restore + enter sent
[2026-06-15 21:22:18] picker_refresh total=1548ms flash=858ms recycling=881ms minutes=1517ms filters=46ms build=2ms items=9
[2026-06-15 21:22:19] do_paste start: name='Череп' hwnd=48300972
[2026-06-15 21:22:19] do_paste: foreground=True
[2026-06-15 21:22:19] do_paste: click=True
[2026-06-15 21:22:19] do_paste: click + clear + ctrl+v + cursor restore + enter sent
[2026-06-15 21:22:30] picker_refresh total=1315ms flash=987ms recycling=1014ms minutes=1282ms filters=46ms build=2ms items=9
[2026-06-15 21:22:38] do_paste start: name='Гироскоп' hwnd=48300972
[2026-06-15 21:22:38] do_paste: foreground=True
[2026-06-15 21:22:38] do_paste: click=True
[2026-06-15 21:22:38] do_paste: click + clear + ctrl+v + cursor restore + enter sent
[2026-06-15 21:22:38] do_paste start: name='Ётун' hwnd=48300972
[2026-06-15 21:22:38] do_paste: foreground=True
[2026-06-15 21:22:38] do_paste: click=True
[2026-06-15 21:22:38] do_paste: click + clear + ctrl+v + cursor restore + enter sent
[2026-06-15 21:22:38] do_paste start: name='Гироскоп' hwnd=48300972
[2026-06-15 21:22:38] do_paste: foreground=True
[2026-06-15 21:22:38] do_paste: click=True
[2026-06-15 21:22:38] do_paste: click + clear + ctrl+v + cursor restore + enter sent
[2026-06-15 21:22:41] picker_refresh total=1412ms flash=1112ms recycling=1057ms minutes=1379ms filters=46ms build=2ms items=9
[2026-06-15 21:22:45] do_paste start: name='Ётун' hwnd=48300972
[2026-06-15 21:22:45] do_paste: foreground=True
[2026-06-15 21:22:45] do_paste: click=True
[2026-06-15 21:22:46] do_paste: click + clear + ctrl+v + cursor restore + enter sent
[2026-06-15 21:22:46] do_paste start: name='Б12 Голубка' hwnd=48300972
[2026-06-15 21:22:46] do_paste: foreground=True
[2026-06-15 21:22:46] do_paste: click=True
[2026-06-15 21:22:46] do_paste: click + clear + ctrl+v + cursor restore + enter sent
[2026-06-15 21:22:46] do_paste start: name='Ётун' hwnd=48300972
[2026-06-15 21:22:46] do_paste: foreground=True
[2026-06-15 21:22:46] do_paste: click=True
[2026-06-15 21:22:46] do_paste: click + clear + ctrl+v + cursor restore + enter sent
[2026-06-15 21:22:47] do_paste start: name='Б12 Голубка' hwnd=48300972
[2026-06-15 21:22:47] do_paste: foreground=True
[2026-06-15 21:22:47] do_paste: click=True
[2026-06-15 21:22:47] do_paste: click + clear + ctrl+v + cursor restore + enter sent
[2026-06-15 21:22:47] do_paste start: name='Ётун' hwnd=48300972
[2026-06-15 21:22:47] do_paste: foreground=True
[2026-06-15 21:22:47] do_paste: click=True
[2026-06-15 21:22:47] do_paste: click + clear + ctrl+v + cursor restore + enter sent
[2026-06-15 21:22:52] picker_refresh total=1335ms flash=833ms recycling=1304ms minutes=1274ms filters=46ms build=2ms items=9
[2026-06-15 21:23:04] picker_refresh total=1473ms flash=1014ms recycling=1133ms minutes=1441ms filters=45ms build=2ms items=9
[2026-06-15 21:23:15] picker_refresh total=1031ms flash=817ms recycling=999ms minutes=979ms filters=46ms build=2ms items=9
[2026-06-15 21:23:26] picker_refresh total=1641ms flash=1071ms recycling=1206ms minutes=1607ms filters=46ms build=2ms items=9
[2026-06-15 21:23:38] picker_refresh total=1620ms flash=1155ms recycling=1061ms minutes=1588ms filters=46ms build=2ms items=9
[2026-06-15 21:23:50] picker_refresh total=1703ms flash=929ms recycling=979ms minutes=1670ms filters=46ms build=2ms items=9
[2026-06-15 21:24:01] picker_refresh total=1551ms flash=1081ms recycling=1224ms minutes=1519ms filters=46ms build=2ms items=9
[2026-06-15 21:24:12] picker_refresh total=1084ms flash=769ms recycling=868ms minutes=1053ms filters=47ms build=2ms items=9
[2026-06-15 21:24:23] picker_refresh total=947ms flash=683ms recycling=879ms minutes=915ms filters=47ms build=2ms items=9
[2026-06-15 21:24:35] picker_refresh total=1107ms flash=658ms recycling=647ms minutes=1075ms filters=45ms build=2ms items=9
[2026-06-15 21:24:46] picker_refresh total=989ms flash=754ms recycling=735ms minutes=957ms filters=47ms build=2ms items=9
[2026-06-15 21:24:56] picker_refresh total=916ms flash=695ms recycling=848ms minutes=885ms filters=46ms build=2ms items=9
[2026-06-15 21:25:07] picker_refresh total=910ms flash=710ms recycling=761ms minutes=878ms filters=46ms build=2ms items=3
[2026-06-15 21:25:09] picker_refresh total=915ms flash=704ms recycling=681ms minutes=882ms filters=46ms build=2ms items=3
[2026-06-15 21:25:11] picker_refresh total=888ms flash=722ms recycling=736ms minutes=856ms filters=0ms build=3ms items=3
[2026-06-15 21:25:12] picker_refresh total=1300ms flash=630ms recycling=1269ms minutes=919ms filters=46ms build=2ms items=3
[2026-06-15 21:25:17] picker_refresh total=4583ms flash=4528ms recycling=4552ms minutes=4285ms filters=46ms build=2ms items=3
[2026-06-15 21:25:22] picker_refresh total=4663ms flash=4528ms recycling=4630ms minutes=4629ms filters=49ms build=2ms items=3
[2026-06-15 21:25:33] picker_refresh total=1331ms flash=1301ms recycling=744ms minutes=901ms filters=47ms build=2ms items=3
[2026-06-15 21:25:45] picker_refresh total=1434ms flash=1403ms recycling=1245ms minutes=1357ms filters=46ms build=2ms items=3
[2026-06-15 21:25:56] picker_refresh total=1602ms flash=1216ms recycling=1262ms minutes=1570ms filters=45ms build=2ms items=3
[2026-06-15 21:26:08] picker_refresh total=1252ms flash=928ms recycling=917ms minutes=1221ms filters=45ms build=2ms items=3
[2026-06-15 21:26:19] picker_refresh total=978ms flash=688ms recycling=783ms minutes=947ms filters=46ms build=2ms items=3
[2026-06-15 21:26:29] picker_refresh total=821ms flash=743ms recycling=790ms minutes=635ms filters=46ms build=2ms items=3
[2026-06-15 21:26:40] picker_refresh total=918ms flash=718ms recycling=761ms minutes=886ms filters=46ms build=2ms items=3
[2026-06-15 21:26:52] picker_refresh total=1436ms flash=1055ms recycling=821ms minutes=1405ms filters=47ms build=2ms items=3
[2026-06-15 21:27:03] picker_refresh total=1169ms flash=898ms recycling=910ms minutes=1137ms filters=45ms build=3ms items=3
[2026-06-15 21:27:14] picker_refresh total=1008ms flash=721ms recycling=805ms minutes=975ms filters=46ms build=2ms items=3
[2026-06-15 21:27:25] picker_refresh total=1027ms flash=834ms recycling=995ms minutes=929ms filters=46ms build=2ms items=3
[2026-06-15 21:27:36] picker_refresh total=1074ms flash=836ms recycling=811ms minutes=1042ms filters=50ms build=2ms items=3
[2026-06-15 21:27:42] do_paste start: name='Б12 Голубка' hwnd=48300972
[2026-06-15 21:27:42] do_paste: foreground=True
[2026-06-15 21:27:42] do_paste: click=True
[2026-06-15 21:27:42] do_paste: click + clear + ctrl+v + cursor restore + enter sent
[2026-06-15 21:27:42] do_paste start: name='Гироскоп' hwnd=48300972
[2026-06-15 21:27:42] do_paste: foreground=True
[2026-06-15 21:27:42] do_paste: click=True
[2026-06-15 21:27:42] do_paste: click + clear + ctrl+v + cursor restore + enter sent
[2026-06-15 21:27:43] do_paste start: name='Череп' hwnd=48300972
[2026-06-15 21:27:43] do_paste: foreground=True
[2026-06-15 21:27:43] do_paste: click=True
[2026-06-15 21:27:43] do_paste: click + clear + ctrl+v + cursor restore + enter sent
[2026-06-15 21:27:43] do_paste start: name='Б12 Голубка' hwnd=48300972
[2026-06-15 21:27:43] do_paste: foreground=True
[2026-06-15 21:27:43] do_paste: click=True
[2026-06-15 21:27:43] do_paste: click + clear + ctrl+v + cursor restore + enter sent
[2026-06-15 21:27:43] do_paste start: name='Череп' hwnd=48300972
[2026-06-15 21:27:43] do_paste: foreground=True
[2026-06-15 21:27:43] do_paste: click=True
[2026-06-15 21:27:43] do_paste: click + clear + ctrl+v + cursor restore + enter sent
[2026-06-15 21:27:47] picker_refresh total=1052ms flash=748ms recycling=945ms minutes=1020ms filters=45ms build=2ms items=3
[2026-06-15 21:27:58] salvage stopped: confirm button not found
[2026-06-15 21:27:59] picker_refresh total=1356ms flash=809ms recycling=811ms minutes=1323ms filters=48ms build=3ms items=3
[2026-06-15 21:28:10] picker_refresh total=1126ms flash=790ms recycling=896ms minutes=1093ms filters=46ms build=3ms items=3
[2026-06-15 21:28:21] picker_refresh total=1008ms flash=782ms recycling=777ms minutes=976ms filters=46ms build=2ms items=3
[2026-06-15 21:28:32] picker_refresh total=965ms flash=767ms recycling=773ms minutes=934ms filters=46ms build=2ms items=3
[2026-06-15 21:28:43] picker_refresh total=1018ms flash=820ms recycling=856ms minutes=981ms filters=46ms build=2ms items=3
[2026-06-15 21:28:54] picker_refresh total=1266ms flash=749ms recycling=934ms minutes=1234ms filters=50ms build=2ms items=3
[2026-06-15 21:29:05] picker_refresh total=1098ms flash=752ms recycling=854ms minutes=1067ms filters=45ms build=2ms items=3
[2026-06-15 21:29:16] picker_refresh total=1064ms flash=846ms recycling=891ms minutes=1032ms filters=47ms build=2ms items=3
[2026-06-15 21:29:27] picker_refresh total=1146ms flash=808ms recycling=794ms minutes=1112ms filters=46ms build=2ms items=3
[2026-06-15 21:29:38] picker_refresh total=1159ms flash=811ms recycling=892ms minutes=1126ms filters=46ms build=2ms items=3
[2026-06-15 21:29:49] picker_refresh total=934ms flash=773ms recycling=805ms minutes=902ms filters=46ms build=2ms items=3
[2026-06-15 21:30:00] picker_refresh total=872ms flash=749ms recycling=812ms minutes=840ms filters=46ms build=2ms items=3
[2026-06-15 21:30:10] picker_refresh total=1401ms flash=1334ms recycling=1367ms minutes=1233ms filters=47ms build=2ms items=6
[2026-06-15 21:30:11] picker_refresh total=995ms flash=740ms recycling=788ms minutes=964ms filters=47ms build=2ms items=6
[2026-06-15 21:30:12] picker_refresh total=963ms flash=932ms recycling=823ms minutes=906ms filters=0ms build=2ms items=6
[2026-06-15 21:30:17] picker_refresh total=3864ms flash=2699ms recycling=3832ms minutes=2615ms filters=46ms build=2ms items=6
[2026-06-15 21:30:22] picker_refresh total=5401ms flash=5303ms recycling=5368ms minutes=5301ms filters=45ms build=2ms items=6
[2026-06-15 21:30:31] picker_refresh total=1192ms flash=990ms recycling=1038ms minutes=1160ms filters=50ms build=2ms items=6
[2026-06-15 21:30:42] picker_refresh total=1043ms flash=798ms recycling=848ms minutes=1011ms filters=47ms build=2ms items=6
[2026-06-15 21:30:53] do_paste start: name='Внешнее крыло' hwnd=48300972
[2026-06-15 21:30:53] do_paste: foreground=True
[2026-06-15 21:30:53] do_paste: click=True
[2026-06-15 21:30:53] do_paste: click + clear + ctrl+v + cursor restore + enter sent
[2026-06-15 21:30:54] picker_refresh total=1122ms flash=693ms recycling=707ms minutes=1090ms filters=48ms build=3ms items=6
[2026-06-15 21:31:00] do_paste start: name='Стоп-сигнал' hwnd=48300972
[2026-06-15 21:31:00] do_paste: foreground=True
[2026-06-15 21:31:00] do_paste: click=True
[2026-06-15 21:31:00] do_paste: click + clear + ctrl+v + cursor restore + enter sent
[2026-06-15 21:31:05] picker_refresh total=999ms flash=798ms recycling=814ms minutes=966ms filters=45ms build=2ms items=6
[2026-06-15 21:31:06] do_paste start: name='Череп' hwnd=48300972
[2026-06-15 21:31:06] do_paste: foreground=True
[2026-06-15 21:31:06] do_paste: click=True
[2026-06-15 21:31:06] do_paste: click + clear + ctrl+v + cursor restore + enter sent
[2026-06-15 21:31:07] do_paste start: name='Стоп-сигнал' hwnd=48300972
[2026-06-15 21:31:07] do_paste: foreground=True
[2026-06-15 21:31:07] do_paste: click=True
[2026-06-15 21:31:07] do_paste: click + clear + ctrl+v + cursor restore + enter sent
[2026-06-15 21:31:07] do_paste start: name='Внешнее крыло' hwnd=48300972
[2026-06-15 21:31:07] do_paste: foreground=True
[2026-06-15 21:31:08] do_paste: click=True
[2026-06-15 21:31:08] do_paste: click + clear + ctrl+v + cursor restore + enter sent
[2026-06-15 21:31:08] do_paste start: name='Б12 Голубка' hwnd=48300972
[2026-06-15 21:31:08] do_paste: foreground=True
[2026-06-15 21:31:08] do_paste: click=True
[2026-06-15 21:31:08] do_paste: click + clear + ctrl+v + cursor restore + enter sent
[2026-06-15 21:31:09] do_paste start: name='Внешнее крыло' hwnd=48300972
[2026-06-15 21:31:09] do_paste: foreground=True
[2026-06-15 21:31:09] do_paste: click=True
[2026-06-15 21:31:09] do_paste: click + clear + ctrl+v + cursor restore + enter sent
[2026-06-15 21:31:09] do_paste start: name='Б12 Голубка' hwnd=48300972
[2026-06-15 21:31:09] do_paste: foreground=True
[2026-06-15 21:31:09] do_paste: click=True
[2026-06-15 21:31:09] do_paste: click + clear + ctrl+v + cursor restore + enter sent
[2026-06-15 21:31:10] do_paste start: name='Зеркало вездехода левое' hwnd=48300972
[2026-06-15 21:31:10] do_paste: foreground=True
[2026-06-15 21:31:10] do_paste: click=True
[2026-06-15 21:31:10] do_paste: click + clear + ctrl+v + cursor restore + enter sent
[2026-06-15 21:31:11] do_paste start: name='Б12 Голубка' hwnd=48300972
[2026-06-15 21:31:11] do_paste: foreground=True
[2026-06-15 21:31:11] do_paste: click=True
[2026-06-15 21:31:11] do_paste: click + clear + ctrl+v + cursor restore + enter sent
[2026-06-15 21:31:11] do_paste start: name='Внешнее крыло' hwnd=48300972
[2026-06-15 21:31:11] do_paste: foreground=True
[2026-06-15 21:31:11] do_paste: click=True
[2026-06-15 21:31:11] do_paste: click + clear + ctrl+v + cursor restore + enter sent
[2026-06-15 21:31:12] do_paste start: name='Б12 Голубка' hwnd=48300972
[2026-06-15 21:31:12] do_paste: foreground=True
[2026-06-15 21:31:12] do_paste: click=True
[2026-06-15 21:31:12] do_paste: click + clear + ctrl+v + cursor restore + enter sent
[2026-06-15 21:31:12] do_paste start: name='Внешнее крыло' hwnd=48300972
[2026-06-15 21:31:12] do_paste: foreground=True
[2026-06-15 21:31:12] do_paste: click=True
[2026-06-15 21:31:12] do_paste: click + clear + ctrl+v + cursor restore + enter sent
[2026-06-15 21:31:16] picker_refresh total=1015ms flash=802ms recycling=768ms minutes=984ms filters=46ms build=2ms items=6
[2026-06-15 21:31:27] picker_refresh total=1216ms flash=622ms recycling=644ms minutes=1184ms filters=46ms build=2ms items=6
[2026-06-15 21:31:38] picker_refresh total=1535ms flash=932ms recycling=1384ms minutes=1503ms filters=45ms build=2ms items=6
[2026-06-15 21:31:49] picker_refresh total=913ms flash=725ms recycling=697ms minutes=879ms filters=47ms build=2ms items=6
[2026-06-15 21:32:00] picker_refresh total=994ms flash=822ms recycling=832ms minutes=962ms filters=46ms build=3ms items=6
[2026-06-15 21:32:11] picker_refresh total=1035ms flash=858ms recycling=922ms minutes=1004ms filters=47ms build=2ms items=6
[2026-06-15 21:32:22] picker_refresh total=998ms flash=808ms recycling=748ms minutes=965ms filters=46ms build=2ms items=6
[2026-06-15 21:32:33] picker_refresh total=1036ms flash=842ms recycling=841ms minutes=1002ms filters=45ms build=2ms items=6
[2026-06-15 21:32:45] picker_refresh total=1205ms flash=872ms recycling=853ms minutes=1174ms filters=45ms build=2ms items=6
[2026-06-15 21:32:56] picker_refresh total=945ms flash=782ms recycling=801ms minutes=914ms filters=46ms build=2ms items=6
[2026-06-15 21:33:07] picker_refresh total=1137ms flash=765ms recycling=903ms minutes=1104ms filters=46ms build=2ms items=6
[2026-06-15 21:33:18] picker_refresh total=1118ms flash=954ms recycling=890ms minutes=1080ms filters=48ms build=2ms items=6
[2026-06-15 21:33:29] picker_refresh total=1044ms flash=828ms recycling=860ms minutes=1012ms filters=46ms build=2ms items=6
[2026-06-15 21:33:40] picker_refresh total=915ms flash=850ms recycling=678ms minutes=883ms filters=47ms build=2ms items=6
[2026-06-15 21:33:51] picker_refresh total=912ms flash=802ms recycling=687ms minutes=880ms filters=46ms build=2ms items=6
[2026-06-15 21:34:02] picker_refresh total=972ms flash=736ms recycling=759ms minutes=938ms filters=46ms build=2ms items=6
[2026-06-15 21:34:13] picker_refresh total=943ms flash=817ms recycling=718ms minutes=911ms filters=49ms build=3ms items=6
[2026-06-15 21:34:23] picker_refresh total=760ms flash=568ms recycling=601ms minutes=728ms filters=45ms build=2ms items=6
[2026-06-15 21:34:34] picker_refresh total=1017ms flash=795ms recycling=866ms minutes=985ms filters=46ms build=2ms items=6
[2026-06-15 21:34:45] picker_refresh total=1032ms flash=799ms recycling=846ms minutes=997ms filters=46ms build=2ms items=6
[2026-06-15 21:34:56] picker_refresh total=964ms flash=760ms recycling=790ms minutes=932ms filters=47ms build=2ms items=6
[2026-06-15 21:35:07] picker_refresh total=1085ms flash=750ms recycling=799ms minutes=1053ms filters=47ms build=2ms items=6
[2026-06-15 21:35:11] picker_refresh total=987ms flash=766ms recycling=783ms minutes=955ms filters=45ms build=2ms items=6
[2026-06-15 21:35:13] picker_refresh total=1539ms flash=767ms recycling=1004ms minutes=1505ms filters=0ms build=2ms items=6
[2026-06-15 21:35:15] picker_refresh total=1186ms flash=863ms recycling=857ms minutes=1150ms filters=45ms build=3ms items=6
[2026-06-15 21:35:20] picker_refresh total=4623ms flash=4443ms recycling=4197ms minutes=4591ms filters=47ms build=2ms items=6
[2026-06-15 21:35:24] picker_refresh total=3810ms flash=3584ms recycling=3777ms minutes=3679ms filters=51ms build=2ms items=6
[2026-06-15 21:35:29] picker_refresh total=1147ms flash=833ms recycling=842ms minutes=1109ms filters=45ms build=2ms items=6
[2026-06-15 21:35:40] picker_refresh total=1012ms flash=759ms recycling=750ms minutes=980ms filters=46ms build=3ms items=6
[2026-06-15 21:35:51] picker_refresh total=1066ms flash=804ms recycling=823ms minutes=1033ms filters=46ms build=2ms items=6
[2026-06-15 21:35:58] do_paste start: name='Внешнее крыло' hwnd=48300972
[2026-06-15 21:35:58] do_paste: foreground=True
[2026-06-15 21:35:58] do_paste: click=True
[2026-06-15 21:35:58] do_paste: click + clear + ctrl+v + cursor restore + enter sent
[2026-06-15 21:36:02] picker_refresh total=1405ms flash=1125ms recycling=1156ms minutes=1374ms filters=46ms build=2ms items=6
[2026-06-15 21:36:06] do_paste start: name='Череп' hwnd=48300972
[2026-06-15 21:36:06] do_paste: foreground=True
[2026-06-15 21:36:06] do_paste: click=True
[2026-06-15 21:36:06] do_paste: click + clear + ctrl+v + cursor restore + enter sent
[2026-06-15 21:36:13] picker_refresh total=1035ms flash=748ms recycling=806ms minutes=1001ms filters=45ms build=2ms items=6
[2026-06-15 21:36:24] picker_refresh total=969ms flash=743ms recycling=723ms minutes=937ms filters=46ms build=2ms items=6
[2026-06-15 21:36:35] picker_refresh total=1035ms flash=795ms recycling=778ms minutes=1003ms filters=47ms build=2ms items=6
[2026-06-15 21:36:46] picker_refresh total=911ms flash=758ms recycling=807ms minutes=879ms filters=47ms build=2ms items=6
[2026-06-15 21:36:57] picker_refresh total=1028ms flash=786ms recycling=735ms minutes=992ms filters=47ms build=2ms items=6
[2026-06-15 21:37:08] picker_refresh total=1082ms flash=840ms recycling=842ms minutes=1048ms filters=48ms build=2ms items=6
[2026-06-15 21:37:19] picker_refresh total=943ms flash=718ms recycling=707ms minutes=911ms filters=45ms build=3ms items=6
[2026-06-15 21:37:30] picker_refresh total=1280ms flash=963ms recycling=1060ms minutes=1247ms filters=46ms build=2ms items=6
[2026-06-15 21:37:41] picker_refresh total=1035ms flash=760ms recycling=770ms minutes=1001ms filters=53ms build=3ms items=6
[2026-06-15 21:37:52] picker_refresh total=992ms flash=811ms recycling=748ms minutes=959ms filters=46ms build=2ms items=6
[2026-06-15 21:38:04] picker_refresh total=1176ms flash=730ms recycling=771ms minutes=1144ms filters=46ms build=2ms items=6
[2026-06-15 21:38:15] picker_refresh total=941ms flash=749ms recycling=783ms minutes=909ms filters=45ms build=2ms items=6
[2026-06-15 21:38:27] picker_refresh total=2448ms flash=611ms recycling=658ms minutes=2414ms filters=46ms build=2ms items=6
[2026-06-15 21:38:38] picker_refresh total=1375ms flash=1009ms recycling=701ms minutes=1343ms filters=46ms build=2ms items=6
[2026-06-15 21:38:50] picker_refresh total=1953ms flash=1136ms recycling=1166ms minutes=1920ms filters=45ms build=3ms items=6
[2026-06-15 21:39:02] picker_refresh total=1990ms flash=1217ms recycling=1235ms minutes=1958ms filters=46ms build=2ms items=6
[2026-06-15 21:39:14] picker_refresh total=1361ms flash=1327ms recycling=983ms minutes=1216ms filters=47ms build=2ms items=6
[2026-06-15 21:39:25] picker_refresh total=1554ms flash=1118ms recycling=1225ms minutes=1521ms filters=46ms build=2ms items=6
[2026-06-15 21:39:36] picker_refresh total=1089ms flash=883ms recycling=822ms minutes=1056ms filters=46ms build=2ms items=6
[2026-06-15 21:39:48] picker_refresh total=1112ms flash=746ms recycling=765ms minutes=1081ms filters=46ms build=2ms items=6
[2026-06-15 21:39:58] picker_refresh total=899ms flash=731ms recycling=722ms minutes=866ms filters=47ms build=2ms items=6
[2026-06-15 21:40:09] picker_refresh total=1142ms flash=737ms recycling=785ms minutes=1109ms filters=45ms build=2ms items=6
[2026-06-15 21:40:11] picker_refresh total=1195ms flash=809ms recycling=950ms minutes=1162ms filters=0ms build=3ms items=6
[2026-06-15 21:40:13] picker_refresh total=1863ms flash=837ms recycling=824ms minutes=1831ms filters=45ms build=2ms items=6
[2026-06-15 21:40:15] picker_refresh total=1422ms flash=1036ms recycling=1072ms minutes=1389ms filters=46ms build=2ms items=6
[2026-06-15 21:40:17] picker_refresh total=1302ms flash=972ms recycling=932ms minutes=1270ms filters=45ms build=2ms items=6
[2026-06-15 21:40:19] picker_refresh total=1060ms flash=729ms recycling=1028ms minutes=984ms filters=45ms build=2ms items=6
[2026-06-15 21:40:32] picker_refresh total=2364ms flash=818ms recycling=857ms minutes=2332ms filters=45ms build=2ms items=6
[2026-06-15 21:40:44] picker_refresh total=2035ms flash=1399ms recycling=1401ms minutes=2000ms filters=46ms build=2ms items=6
[2026-06-15 21:40:55] picker_refresh total=1265ms flash=962ms recycling=977ms minutes=1234ms filters=47ms build=2ms items=6
[2026-06-15 21:41:06] picker_refresh total=1055ms flash=795ms recycling=812ms minutes=1023ms filters=47ms build=2ms items=6
[2026-06-15 21:41:17] picker_refresh total=1001ms flash=732ms recycling=836ms minutes=969ms filters=46ms build=2ms items=6
[2026-06-15 21:41:30] picker_refresh total=2679ms flash=2448ms recycling=2490ms minutes=2644ms filters=46ms build=2ms items=6
[2026-06-15 21:41:41] picker_refresh total=1179ms flash=834ms recycling=782ms minutes=1146ms filters=46ms build=2ms items=6
[2026-06-15 21:41:52] picker_refresh total=1333ms flash=1030ms recycling=1231ms minutes=1300ms filters=49ms build=2ms items=6
[2026-06-15 21:42:03] picker_refresh total=955ms flash=736ms recycling=755ms minutes=923ms filters=45ms build=3ms items=6
[2026-06-15 21:42:14] picker_refresh total=1061ms flash=748ms recycling=804ms minutes=1027ms filters=47ms build=2ms items=6
[2026-06-15 21:42:26] picker_refresh total=1631ms flash=616ms recycling=1599ms minutes=552ms filters=45ms build=2ms items=6
[2026-06-15 21:42:37] picker_refresh total=1044ms flash=759ms recycling=842ms minutes=1008ms filters=47ms build=3ms items=6
[2026-06-15 21:42:48] picker_refresh total=985ms flash=695ms recycling=776ms minutes=952ms filters=46ms build=2ms items=6
[2026-06-15 21:42:59] picker_refresh total=971ms flash=707ms recycling=785ms minutes=935ms filters=46ms build=3ms items=6
[2026-06-15 21:43:10] picker_refresh total=1208ms flash=780ms recycling=794ms minutes=1175ms filters=45ms build=3ms items=6
[2026-06-15 21:43:21] picker_refresh total=1129ms flash=808ms recycling=857ms minutes=1097ms filters=48ms build=2ms items=6
[2026-06-15 21:43:32] picker_refresh total=990ms flash=724ms recycling=773ms minutes=957ms filters=48ms build=2ms items=6
[2026-06-15 21:43:43] picker_refresh total=1034ms flash=746ms recycling=793ms minutes=1001ms filters=46ms build=2ms items=6
[2026-06-15 21:43:54] picker_refresh total=1013ms flash=725ms recycling=720ms minutes=982ms filters=48ms build=2ms items=6
[2026-06-15 21:44:05] picker_refresh total=1000ms flash=717ms recycling=809ms minutes=968ms filters=46ms build=2ms items=6
[2026-06-15 21:44:16] picker_refresh total=956ms flash=821ms recycling=748ms minutes=924ms filters=45ms build=2ms items=6
[2026-06-15 21:44:27] picker_refresh total=913ms flash=649ms recycling=787ms minutes=881ms filters=47ms build=2ms items=6
[2026-06-15 21:44:38] picker_refresh total=955ms flash=763ms recycling=804ms minutes=922ms filters=45ms build=2ms items=6
[2026-06-15 21:44:49] picker_refresh total=949ms flash=676ms recycling=744ms minutes=917ms filters=45ms build=2ms items=6
[2026-06-15 21:45:01] picker_refresh total=1601ms flash=691ms recycling=1568ms minutes=944ms filters=46ms build=2ms items=6
[2026-06-15 21:45:09] picker_refresh total=1011ms flash=716ms recycling=950ms minutes=977ms filters=46ms build=3ms items=5
[2026-06-15 21:45:11] picker_refresh total=980ms flash=755ms recycling=782ms minutes=948ms filters=0ms build=2ms items=5
[2026-06-15 21:45:12] picker_refresh total=1292ms flash=748ms recycling=1260ms minutes=944ms filters=46ms build=2ms items=5
[2026-06-15 21:45:24] picker_refresh total=1451ms flash=1044ms recycling=1184ms minutes=1419ms filters=47ms build=2ms items=5
[2026-06-15 21:45:38] picker_refresh total=3899ms flash=3481ms recycling=3500ms minutes=3867ms filters=46ms build=2ms items=5
[2026-06-15 21:45:49] picker_refresh total=1103ms flash=824ms recycling=851ms minutes=1070ms filters=46ms build=3ms items=5
[2026-06-15 21:46:02] picker_refresh total=3160ms flash=3128ms recycling=3112ms minutes=3041ms filters=47ms build=2ms items=5
[2026-06-15 21:46:13] picker_refresh total=1284ms flash=972ms recycling=1008ms minutes=1252ms filters=49ms build=2ms items=5
[2026-06-15 21:46:24] picker_refresh total=1000ms flash=787ms recycling=822ms minutes=968ms filters=46ms build=2ms items=5
[2026-06-15 21:46:35] picker_refresh total=979ms flash=741ms recycling=789ms minutes=946ms filters=47ms build=2ms items=5
[2026-06-15 21:46:46] picker_refresh total=1007ms flash=734ms recycling=745ms minutes=975ms filters=47ms build=2ms items=5
[2026-06-15 21:46:57] picker_refresh total=1027ms flash=711ms recycling=761ms minutes=994ms filters=46ms build=3ms items=5
[2026-06-15 21:47:08] picker_refresh total=1013ms flash=737ms recycling=785ms minutes=981ms filters=47ms build=2ms items=5
[2026-06-15 21:47:19] picker_refresh total=1004ms flash=724ms recycling=768ms minutes=972ms filters=46ms build=2ms items=5
[2026-06-15 21:47:31] picker_refresh total=2152ms flash=1376ms recycling=1364ms minutes=2120ms filters=47ms build=2ms items=5
[2026-06-15 21:47:43] picker_refresh total=1552ms flash=1137ms recycling=1170ms minutes=1520ms filters=46ms build=2ms items=5
[2026-06-15 21:47:54] picker_refresh total=1309ms flash=1081ms recycling=1135ms minutes=1273ms filters=46ms build=5ms items=5
[2026-06-15 21:48:05] picker_refresh total=923ms flash=631ms recycling=867ms minutes=891ms filters=47ms build=2ms items=5
[2026-06-15 21:48:16] picker_refresh total=977ms flash=695ms recycling=743ms minutes=943ms filters=45ms build=2ms items=5
[2026-06-15 21:48:27] picker_refresh total=998ms flash=574ms recycling=808ms minutes=967ms filters=45ms build=2ms items=5
[2026-06-15 21:48:38] picker_refresh total=972ms flash=735ms recycling=752ms minutes=940ms filters=46ms build=2ms items=5
[2026-06-15 21:48:49] picker_refresh total=919ms flash=700ms recycling=720ms minutes=887ms filters=47ms build=2ms items=5
[2026-06-15 21:49:00] picker_refresh total=920ms flash=734ms recycling=773ms minutes=889ms filters=46ms build=2ms items=5
[2026-06-15 21:49:11] picker_refresh total=942ms flash=746ms recycling=730ms minutes=910ms filters=46ms build=2ms items=5
[2026-06-15 21:49:22] picker_refresh total=954ms flash=704ms recycling=703ms minutes=922ms filters=47ms build=2ms items=5
[2026-06-15 21:49:33] picker_refresh total=1020ms flash=777ms recycling=820ms minutes=988ms filters=46ms build=3ms items=5
[2026-06-15 21:49:44] picker_refresh total=880ms flash=680ms recycling=672ms minutes=848ms filters=45ms build=2ms items=5
[2026-06-15 21:49:55] picker_refresh total=956ms flash=654ms recycling=766ms minutes=924ms filters=45ms build=2ms items=5
[2026-06-15 21:50:06] picker_refresh total=1016ms flash=770ms recycling=762ms minutes=985ms filters=46ms build=2ms items=5
[2026-06-15 21:50:10] picker_refresh total=1015ms flash=755ms recycling=732ms minutes=984ms filters=45ms build=2ms items=5
[2026-06-15 21:50:12] picker_refresh total=1001ms flash=711ms recycling=762ms minutes=970ms filters=0ms build=2ms items=5
[2026-06-15 21:50:13] picker_refresh total=1083ms flash=802ms recycling=862ms minutes=1050ms filters=46ms build=2ms items=5
[2026-06-15 21:50:14] picker_refresh total=850ms flash=638ms recycling=668ms minutes=818ms filters=0ms build=2ms items=5
[2026-06-15 21:50:16] picker_refresh total=938ms flash=706ms recycling=834ms minutes=900ms filters=45ms build=2ms items=5
[2026-06-15 21:50:17] picker_refresh total=942ms flash=829ms recycling=747ms minutes=911ms filters=0ms build=2ms items=5
[2026-06-15 21:50:28] picker_refresh total=982ms flash=701ms recycling=730ms minutes=951ms filters=46ms build=2ms items=5
[2026-06-15 21:50:39] picker_refresh total=968ms flash=705ms recycling=716ms minutes=935ms filters=46ms build=2ms items=5
[2026-06-15 21:50:50] picker_refresh total=1011ms flash=805ms recycling=856ms minutes=976ms filters=49ms build=2ms items=5
[2026-06-15 21:51:01] picker_refresh total=1118ms flash=1087ms recycling=1084ms minutes=1072ms filters=48ms build=2ms items=5
[2026-06-15 21:51:12] picker_refresh total=1035ms flash=746ms recycling=829ms minutes=1004ms filters=50ms build=2ms items=5
[2026-06-15 21:51:23] picker_refresh total=864ms flash=770ms recycling=746ms minutes=833ms filters=45ms build=2ms items=5
[2026-06-15 21:51:37] picker_refresh total=4385ms flash=4170ms recycling=4187ms minutes=4351ms filters=45ms build=2ms items=5
[2026-06-15 21:51:48] picker_refresh total=966ms flash=768ms recycling=935ms minutes=915ms filters=46ms build=2ms items=5
[2026-06-15 21:51:59] picker_refresh total=988ms flash=740ms recycling=737ms minutes=956ms filters=47ms build=2ms items=5
[2026-06-15 21:52:10] picker_refresh total=1051ms flash=741ms recycling=755ms minutes=1019ms filters=46ms build=2ms items=5
[2026-06-15 21:52:21] picker_refresh total=1079ms flash=791ms recycling=826ms minutes=1045ms filters=46ms build=2ms items=5
[2026-06-15 21:52:32] picker_refresh total=1127ms flash=727ms recycling=771ms minutes=1095ms filters=46ms build=2ms items=5
[2026-06-15 21:52:43] picker_refresh total=1069ms flash=752ms recycling=801ms minutes=1037ms filters=45ms build=2ms items=5
[2026-06-15 21:52:55] picker_refresh total=1200ms flash=804ms recycling=822ms minutes=1167ms filters=46ms build=2ms items=5
[2026-06-15 21:53:06] picker_refresh total=1000ms flash=740ms recycling=796ms minutes=966ms filters=46ms build=2ms items=5
[2026-06-15 21:53:17] picker_refresh total=1052ms flash=761ms recycling=899ms minutes=1019ms filters=47ms build=3ms items=5
[2026-06-15 21:53:28] picker_refresh total=1334ms flash=700ms recycling=688ms minutes=1300ms filters=46ms build=3ms items=5
[2026-06-15 21:53:39] picker_refresh total=1004ms flash=735ms recycling=791ms minutes=972ms filters=46ms build=3ms items=5
[2026-06-15 21:53:50] picker_refresh total=932ms flash=721ms recycling=763ms minutes=898ms filters=46ms build=2ms items=5
[2026-06-15 21:54:01] picker_refresh total=1439ms flash=1219ms recycling=1235ms minutes=1408ms filters=46ms build=2ms items=5
[2026-06-15 21:54:12] picker_refresh total=961ms flash=753ms recycling=807ms minutes=930ms filters=45ms build=3ms items=5
[2026-06-15 21:54:23] picker_refresh total=1022ms flash=749ms recycling=762ms minutes=990ms filters=47ms build=2ms items=5
[2026-06-15 21:54:34] picker_refresh total=961ms flash=859ms recycling=694ms minutes=926ms filters=46ms build=2ms items=5
[2026-06-15 21:54:45] picker_refresh total=930ms flash=737ms recycling=758ms minutes=897ms filters=47ms build=3ms items=5
[2026-06-15 21:54:56] picker_refresh total=963ms flash=687ms recycling=776ms minutes=930ms filters=46ms build=2ms items=5
[2026-06-15 21:55:01] do_paste start: name='Череп' hwnd=48300972
[2026-06-15 21:55:01] do_paste: foreground=True
[2026-06-15 21:55:01] do_paste: click=True
[2026-06-15 21:55:01] do_paste: click + clear + ctrl+v + cursor restore + enter sent
[2026-06-15 21:55:01] do_paste start: name='Стоп-сигнал' hwnd=48300972
[2026-06-15 21:55:01] do_paste: foreground=True
[2026-06-15 21:55:01] do_paste: click=True
[2026-06-15 21:55:01] do_paste: click + clear + ctrl+v + cursor restore + enter sent
[2026-06-15 21:55:07] picker_refresh total=1055ms flash=760ms recycling=814ms minutes=1023ms filters=49ms build=2ms items=5
[2026-06-15 21:55:10] picker_refresh total=935ms flash=728ms recycling=763ms minutes=902ms filters=46ms build=2ms items=5
[2026-06-15 21:55:11] picker_refresh total=903ms flash=793ms recycling=692ms minutes=870ms filters=0ms build=2ms items=5
[2026-06-15 21:55:13] picker_refresh total=1028ms flash=831ms recycling=773ms minutes=996ms filters=47ms build=2ms items=5
[2026-06-15 21:55:14] picker_refresh total=1005ms flash=708ms recycling=759ms minutes=974ms filters=0ms build=2ms items=5
[2026-06-15 21:55:15] picker_refresh total=932ms flash=658ms recycling=755ms minutes=897ms filters=57ms build=2ms items=5
[2026-06-15 21:55:18] picker_refresh total=1027ms flash=752ms recycling=776ms minutes=995ms filters=46ms build=2ms items=5
[2026-06-15 21:55:29] picker_refresh total=934ms flash=832ms recycling=864ms minutes=903ms filters=46ms build=2ms items=5
[2026-06-15 21:55:40] picker_refresh total=1002ms flash=716ms recycling=759ms minutes=969ms filters=48ms build=2ms items=5
[2026-06-15 21:55:47] do_paste start: name='Б12 Голубка' hwnd=48300972
[2026-06-15 21:55:47] do_paste: foreground=True
[2026-06-15 21:55:47] do_paste: click=True
[2026-06-15 21:55:47] do_paste: click + clear + ctrl+v + cursor restore + enter sent
[2026-06-15 21:55:48] do_paste start: name='Стоп-сигнал' hwnd=48300972
[2026-06-15 21:55:48] do_paste: foreground=True
[2026-06-15 21:55:48] do_paste: click=True
[2026-06-15 21:55:48] do_paste: click + clear + ctrl+v + cursor restore + enter sent
[2026-06-15 21:55:48] do_paste start: name='Б12 Голубка' hwnd=48300972
[2026-06-15 21:55:48] do_paste: foreground=True
[2026-06-15 21:55:48] do_paste: click=True
[2026-06-15 21:55:48] do_paste: click + clear + ctrl+v + cursor restore + enter sent
[2026-06-15 21:55:48] do_paste start: name='Стоп-сигнал' hwnd=48300972
[2026-06-15 21:55:48] do_paste: foreground=True
[2026-06-15 21:55:48] do_paste: click=True
[2026-06-15 21:55:48] do_paste: click + clear + ctrl+v + cursor restore + enter sent
[2026-06-15 21:55:48] do_paste start: name='Череп' hwnd=48300972
[2026-06-15 21:55:48] do_paste: foreground=True
[2026-06-15 21:55:49] do_paste: click=True
[2026-06-15 21:55:49] do_paste: click + clear + ctrl+v + cursor restore + enter sent
[2026-06-15 21:55:49] do_paste start: name='Зеркало вездехода левое' hwnd=48300972
[2026-06-15 21:55:49] do_paste: foreground=True
[2026-06-15 21:55:49] do_paste: click=True
[2026-06-15 21:55:49] do_paste: click + clear + ctrl+v + cursor restore + enter sent
[2026-06-15 21:55:49] do_paste start: name='Обратный отсчет' hwnd=48300972
[2026-06-15 21:55:49] do_paste: foreground=True
[2026-06-15 21:55:49] do_paste: click=True
[2026-06-15 21:55:49] do_paste: click + clear + ctrl+v + cursor restore + enter sent
[2026-06-15 21:55:50] do_paste start: name='Зеркало вездехода левое' hwnd=48300972
[2026-06-15 21:55:50] do_paste: foreground=True
[2026-06-15 21:55:50] do_paste: click=True
[2026-06-15 21:55:50] do_paste: click + clear + ctrl+v + cursor restore + enter sent
[2026-06-15 21:55:50] do_paste start: name='Череп' hwnd=48300972
[2026-06-15 21:55:50] do_paste: foreground=True
[2026-06-15 21:55:50] do_paste: click=True
[2026-06-15 21:55:50] do_paste start: name='Стоп-сигнал' hwnd=48300972
[2026-06-15 21:55:50] do_paste: foreground=True
[2026-06-15 21:55:50] do_paste: click + clear + ctrl+v + cursor restore + enter sent
[2026-06-15 21:55:50] do_paste: click=True
[2026-06-15 21:55:50] do_paste: click + clear + ctrl+v + cursor restore + enter sent
[2026-06-15 21:55:50] do_paste start: name='Б12 Голубка' hwnd=48300972
[2026-06-15 21:55:50] do_paste: foreground=True
[2026-06-15 21:55:50] do_paste: click=True
[2026-06-15 21:55:50] do_paste: click + clear + ctrl+v + cursor restore + enter sent
[2026-06-15 21:55:51] do_paste start: name='Обратный отсчет' hwnd=48300972
[2026-06-15 21:55:51] do_paste: foreground=True
[2026-06-15 21:55:51] do_paste: click=True
[2026-06-15 21:55:51] do_paste: click + clear + ctrl+v + cursor restore + enter sent
[2026-06-15 21:55:51] do_paste start: name='Б12 Голубка' hwnd=48300972
[2026-06-15 21:55:51] do_paste: foreground=True
[2026-06-15 21:55:51] do_paste: click=True
[2026-06-15 21:55:51] do_paste: click + clear + ctrl+v + cursor restore + enter sent
[2026-06-15 21:55:51] do_paste start: name='Стоп-сигнал' hwnd=48300972
[2026-06-15 21:55:51] do_paste: foreground=True
[2026-06-15 21:55:51] do_paste: click=True
[2026-06-15 21:55:51] do_paste: click + clear + ctrl+v + cursor restore + enter sent
[2026-06-15 21:55:52] picker_refresh total=1460ms flash=1355ms recycling=1366ms minutes=1425ms filters=45ms build=2ms items=5
[2026-06-15 21:55:52] do_paste start: name='Череп' hwnd=48300972
[2026-06-15 21:55:52] do_paste: foreground=True
[2026-06-15 21:55:52] do_paste: click=True
[2026-06-15 21:55:52] do_paste: click + clear + ctrl+v + cursor restore + enter sent
[2026-06-15 21:55:52] do_paste start: name='Зеркало вездехода левое' hwnd=48300972
[2026-06-15 21:55:52] do_paste: foreground=True
[2026-06-15 21:55:52] do_paste: click=True
[2026-06-15 21:55:52] do_paste: click + clear + ctrl+v + cursor restore + enter sent
[2026-06-15 21:55:52] do_paste start: name='Обратный отсчет' hwnd=48300972
[2026-06-15 21:55:52] do_paste: foreground=True
[2026-06-15 21:55:52] do_paste: click=True
[2026-06-15 21:55:53] do_paste: click + clear + ctrl+v + cursor restore + enter sent
[2026-06-15 21:55:53] do_paste start: name='Зеркало вездехода левое' hwnd=48300972
[2026-06-15 21:55:53] do_paste: foreground=True
[2026-06-15 21:55:53] do_paste: click=True
[2026-06-15 21:55:53] do_paste: click + clear + ctrl+v + cursor restore + enter sent
[2026-06-15 21:55:53] do_paste start: name='Череп' hwnd=48300972
[2026-06-15 21:55:53] do_paste: foreground=True
[2026-06-15 21:55:53] do_paste: click=True
[2026-06-15 21:55:53] do_paste: click + clear + ctrl+v + cursor restore + enter sent
[2026-06-15 21:55:53] do_paste start: name='Стоп-сигнал' hwnd=48300972
[2026-06-15 21:55:53] do_paste: foreground=True
[2026-06-15 21:55:53] do_paste: click=True
[2026-06-15 21:55:53] do_paste: click + clear + ctrl+v + cursor restore + enter sent
[2026-06-15 21:55:53] do_paste start: name='Б12 Голубка' hwnd=48300972
[2026-06-15 21:55:53] do_paste: foreground=True
[2026-06-15 21:55:53] do_paste: click=True
[2026-06-15 21:55:54] do_paste: click + clear + ctrl+v + cursor restore + enter sent
[2026-06-15 21:55:54] do_paste start: name='Обратный отсчет' hwnd=48300972
[2026-06-15 21:55:54] do_paste: foreground=True
[2026-06-15 21:55:54] do_paste: click=True
[2026-06-15 21:55:54] do_paste: click + clear + ctrl+v + cursor restore + enter sent
[2026-06-15 21:55:54] do_paste start: name='Б12 Голубка' hwnd=48300972
[2026-06-15 21:55:54] do_paste: foreground=True
[2026-06-15 21:55:54] do_paste: click=True
[2026-06-15 21:55:54] do_paste: click + clear + ctrl+v + cursor restore + enter sent
[2026-06-15 21:55:55] do_paste start: name='Обратный отсчет' hwnd=48300972
[2026-06-15 21:55:55] do_paste: foreground=True
[2026-06-15 21:55:55] do_paste: click=True
[2026-06-15 21:55:55] do_paste: click + clear + ctrl+v + cursor restore + enter sent
[2026-06-15 21:55:55] do_paste start: name='Б12 Голубка' hwnd=48300972
[2026-06-15 21:55:55] do_paste: foreground=True
[2026-06-15 21:55:55] do_paste: click=True
[2026-06-15 21:55:55] do_paste: click + clear + ctrl+v + cursor restore + enter sent
[2026-06-15 21:55:56] do_paste start: name='Обратный отсчет' hwnd=48300972
[2026-06-15 21:55:56] do_paste: foreground=True
[2026-06-15 21:55:56] do_paste: click=True
[2026-06-15 21:55:56] do_paste: click + clear + ctrl+v + cursor restore + enter sent
[2026-06-15 21:55:56] do_paste start: name='Зеркало вездехода левое' hwnd=48300972
[2026-06-15 21:55:56] do_paste: foreground=True
[2026-06-15 21:55:56] do_paste: click=True
[2026-06-15 21:55:56] do_paste: click + clear + ctrl+v + cursor restore + enter sent
[2026-06-15 21:55:56] do_paste start: name='Череп' hwnd=48300972
[2026-06-15 21:55:56] do_paste: foreground=True
[2026-06-15 21:55:56] do_paste: click=True
[2026-06-15 21:55:56] do_paste: click + clear + ctrl+v + cursor restore + enter sent
[2026-06-15 21:55:56] do_paste start: name='Стоп-сигнал' hwnd=48300972
[2026-06-15 21:55:56] do_paste: foreground=True
[2026-06-15 21:55:56] do_paste: click=True
[2026-06-15 21:55:56] do_paste: click + clear + ctrl+v + cursor restore + enter sent
[2026-06-15 21:55:57] do_paste start: name='Б12 Голубка' hwnd=48300972
[2026-06-15 21:55:57] do_paste: foreground=True
[2026-06-15 21:55:57] do_paste: click=True
[2026-06-15 21:55:57] do_paste: click + clear + ctrl+v + cursor restore + enter sent
[2026-06-15 21:55:57] do_paste start: name='Стоп-сигнал' hwnd=48300972
[2026-06-15 21:55:57] do_paste: foreground=True
[2026-06-15 21:55:57] do_paste: click=True
[2026-06-15 21:55:57] do_paste: click + clear + ctrl+v + cursor restore + enter sent
[2026-06-15 21:55:57] do_paste start: name='Б12 Голубка' hwnd=48300972
[2026-06-15 21:55:57] do_paste: foreground=True
[2026-06-15 21:55:57] do_paste: click=True
[2026-06-15 21:55:57] do_paste: click + clear + ctrl+v + cursor restore + enter sent
[2026-06-15 21:55:58] do_paste start: name='Стоп-сигнал' hwnd=48300972
[2026-06-15 21:55:58] do_paste: foreground=True
[2026-06-15 21:55:58] do_paste: click=True
[2026-06-15 21:55:58] do_paste: click + clear + ctrl+v + cursor restore + enter sent
[2026-06-15 21:55:58] do_paste start: name='Б12 Голубка' hwnd=48300972
[2026-06-15 21:55:58] do_paste: foreground=True
[2026-06-15 21:55:58] do_paste: click=True
[2026-06-15 21:55:58] do_paste: click + clear + ctrl+v + cursor restore + enter sent
[2026-06-15 21:55:58] do_paste start: name='Стоп-сигнал' hwnd=48300972
[2026-06-15 21:55:58] do_paste: foreground=True
[2026-06-15 21:55:58] do_paste: click=True
[2026-06-15 21:55:58] do_paste: click + clear + ctrl+v + cursor restore + enter sent
[2026-06-15 21:55:58] do_paste start: name='Череп' hwnd=48300972
[2026-06-15 21:55:58] do_paste: foreground=True
[2026-06-15 21:55:58] do_paste: click=True
[2026-06-15 21:55:59] do_paste: click + clear + ctrl+v + cursor restore + enter sent
[2026-06-15 21:55:59] do_paste start: name='Зеркало вездехода левое' hwnd=48300972
[2026-06-15 21:55:59] do_paste: foreground=True
[2026-06-15 21:55:59] do_paste: click=True
[2026-06-15 21:55:59] do_paste start: name='Обратный отсчет' hwnd=48300972
[2026-06-15 21:55:59] do_paste: foreground=True
[2026-06-15 21:55:59] do_paste: click + clear + ctrl+v + cursor restore + enter sent
[2026-06-15 21:55:59] do_paste: click=True
[2026-06-15 21:55:59] do_paste: click + clear + ctrl+v + cursor restore + enter sent
[2026-06-15 21:55:59] do_paste start: name='Б12 Голубка' hwnd=48300972
[2026-06-15 21:55:59] do_paste: foreground=True
[2026-06-15 21:55:59] do_paste: click=True
[2026-06-15 21:55:59] do_paste: click + clear + ctrl+v + cursor restore + enter sent
[2026-06-15 21:55:59] do_paste start: name='Обратный отсчет' hwnd=48300972
[2026-06-15 21:55:59] do_paste: foreground=True
[2026-06-15 21:56:00] do_paste: click=True
[2026-06-15 21:56:00] do_paste: click + clear + ctrl+v + cursor restore + enter sent
[2026-06-15 21:56:00] do_paste start: name='Зеркало вездехода левое' hwnd=48300972
[2026-06-15 21:56:00] do_paste: foreground=True
[2026-06-15 21:56:00] do_paste: click=True
[2026-06-15 21:56:00] do_paste: click + clear + ctrl+v + cursor restore + enter sent
[2026-06-15 21:56:00] do_paste start: name='Череп' hwnd=48300972
[2026-06-15 21:56:00] do_paste: foreground=True
[2026-06-15 21:56:00] do_paste: click=True
[2026-06-15 21:56:00] do_paste: click + clear + ctrl+v + cursor restore + enter sent
[2026-06-15 21:56:00] do_paste start: name='Стоп-сигнал' hwnd=48300972
[2026-06-15 21:56:00] do_paste: foreground=True
[2026-06-15 21:56:00] do_paste: click=True
[2026-06-15 21:56:00] do_paste: click + clear + ctrl+v + cursor restore + enter sent
[2026-06-15 21:56:01] do_paste start: name='Б12 Голубка' hwnd=48300972
[2026-06-15 21:56:01] do_paste: foreground=True
[2026-06-15 21:56:01] do_paste: click=True
[2026-06-15 21:56:01] do_paste: click + clear + ctrl+v + cursor restore + enter sent
[2026-06-15 21:56:01] do_paste start: name='Обратный отсчет' hwnd=48300972
[2026-06-15 21:56:01] do_paste: foreground=True
[2026-06-15 21:56:01] do_paste: click=True
[2026-06-15 21:56:01] do_paste: click + clear + ctrl+v + cursor restore + enter sent
[2026-06-15 21:56:01] do_paste start: name='Зеркало вездехода левое' hwnd=48300972
[2026-06-15 21:56:01] do_paste: foreground=True
[2026-06-15 21:56:01] do_paste: click=True
[2026-06-15 21:56:01] do_paste: click + clear + ctrl+v + cursor restore + enter sent
[2026-06-15 21:56:02] do_paste start: name='Обратный отсчет' hwnd=48300972
[2026-06-15 21:56:02] do_paste: foreground=True
[2026-06-15 21:56:02] do_paste: click=True
[2026-06-15 21:56:02] do_paste: click + clear + ctrl+v + cursor restore + enter sent
[2026-06-15 21:56:02] do_paste start: name='Б12 Голубка' hwnd=48300972
[2026-06-15 21:56:02] do_paste: foreground=True
[2026-06-15 21:56:02] do_paste: click=True
[2026-06-15 21:56:02] do_paste: click + clear + ctrl+v + cursor restore + enter sent
[2026-06-15 21:56:02] do_paste start: name='Обратный отсчет' hwnd=48300972
[2026-06-15 21:56:02] do_paste: foreground=True
[2026-06-15 21:56:02] do_paste: click=True
[2026-06-15 21:56:02] do_paste: click + clear + ctrl+v + cursor restore + enter sent
[2026-06-15 21:56:03] do_paste start: name='Б12 Голубка' hwnd=48300972
[2026-06-15 21:56:03] do_paste: foreground=True
[2026-06-15 21:56:03] do_paste: click=True
[2026-06-15 21:56:03] do_paste: click + clear + ctrl+v + cursor restore + enter sent
[2026-06-15 21:56:03] do_paste start: name='Обратный отсчет' hwnd=48300972
[2026-06-15 21:56:03] do_paste: foreground=True
[2026-06-15 21:56:03] do_paste: click=True
[2026-06-15 21:56:03] do_paste: click + clear + ctrl+v + cursor restore + enter sent
[2026-06-15 21:56:03] picker_refresh total=1814ms flash=1678ms recycling=1782ms minutes=1359ms filters=47ms build=2ms items=5
[2026-06-15 21:56:09] picker_refresh total=1040ms flash=736ms recycling=775ms minutes=1008ms filters=47ms build=2ms items=5
[2026-06-15 21:56:11] picker_refresh total=1057ms flash=822ms recycling=854ms minutes=1024ms filters=0ms build=2ms items=5
[2026-06-15 21:56:12] picker_refresh total=1013ms flash=980ms recycling=725ms minutes=911ms filters=47ms build=2ms items=5
[2026-06-15 21:56:18] picker_refresh total=5306ms flash=4804ms recycling=5274ms minutes=4709ms filters=0ms build=2ms items=5
[2026-06-15 21:56:23] picker_refresh total=4897ms flash=4866ms recycling=4583ms minutes=4744ms filters=46ms build=2ms items=5
[2026-06-15 21:56:27] picker_refresh total=3927ms flash=3886ms recycling=3895ms minutes=3819ms filters=45ms build=2ms items=5
[2026-06-15 21:56:40] picker_refresh total=3081ms flash=2831ms recycling=2682ms minutes=3043ms filters=49ms build=2ms items=5
[2026-06-15 21:56:52] picker_refresh total=1223ms flash=724ms recycling=745ms minutes=1190ms filters=45ms build=2ms items=5
[2026-06-15 21:57:03] picker_refresh total=1016ms flash=951ms recycling=986ms minutes=792ms filters=45ms build=2ms items=5
[2026-06-15 21:57:14] picker_refresh total=1040ms flash=754ms recycling=748ms minutes=1008ms filters=45ms build=2ms items=5
[2026-06-15 21:57:25] picker_refresh total=973ms flash=777ms recycling=740ms minutes=938ms filters=46ms build=2ms items=5
[2026-06-15 21:57:36] picker_refresh total=955ms flash=717ms recycling=709ms minutes=923ms filters=48ms build=2ms items=5
[2026-06-15 21:57:47] picker_refresh total=896ms flash=706ms recycling=775ms minutes=864ms filters=56ms build=2ms items=5
[2026-06-15 21:57:58] picker_refresh total=1005ms flash=803ms recycling=796ms minutes=973ms filters=48ms build=2ms items=5
[2026-06-15 21:58:09] picker_refresh total=980ms flash=755ms recycling=844ms minutes=947ms filters=45ms build=2ms items=5
[2026-06-15 21:58:20] picker_refresh total=1008ms flash=778ms recycling=782ms minutes=975ms filters=47ms build=2ms items=5
[2026-06-15 21:58:31] picker_refresh total=1003ms flash=757ms recycling=737ms minutes=970ms filters=47ms build=3ms items=5
[2026-06-15 21:58:42] picker_refresh total=1043ms flash=788ms recycling=740ms minutes=1002ms filters=48ms build=2ms items=5
[2026-06-15 21:58:53] picker_refresh total=949ms flash=851ms recycling=916ms minutes=875ms filters=46ms build=2ms items=5
[2026-06-15 21:59:04] picker_refresh total=963ms flash=728ms recycling=736ms minutes=931ms filters=45ms build=2ms items=5
[2026-06-15 21:59:15] picker_refresh total=951ms flash=802ms recycling=772ms minutes=918ms filters=46ms build=2ms items=5
[2026-06-15 21:59:26] picker_refresh total=1021ms flash=782ms recycling=766ms minutes=990ms filters=46ms build=2ms items=5
[2026-06-15 21:59:36] picker_refresh total=956ms flash=739ms recycling=730ms minutes=922ms filters=47ms build=2ms items=5
[2026-06-15 21:59:48] picker_refresh total=1185ms flash=701ms recycling=731ms minutes=1153ms filters=46ms build=2ms items=5
[2026-06-15 21:59:59] picker_refresh total=1076ms flash=757ms recycling=798ms minutes=1043ms filters=46ms build=2ms items=5
[2026-06-15 22:00:10] picker_refresh total=1003ms flash=763ms recycling=779ms minutes=971ms filters=45ms build=2ms items=10
[2026-06-15 22:00:21] picker_refresh total=1572ms flash=1425ms recycling=1424ms minutes=1538ms filters=46ms build=2ms items=10
[2026-06-15 22:00:33] picker_refresh total=1923ms flash=1774ms recycling=1818ms minutes=1892ms filters=49ms build=2ms items=10
[2026-06-15 22:00:44] picker_refresh total=943ms flash=769ms recycling=767ms minutes=912ms filters=45ms build=2ms items=10
[2026-06-15 22:00:55] picker_refresh total=911ms flash=657ms recycling=733ms minutes=879ms filters=51ms build=2ms items=10
[2026-06-15 22:01:06] picker_refresh total=988ms flash=792ms recycling=770ms minutes=953ms filters=46ms build=3ms items=10
[2026-06-15 22:01:09] picker_refresh total=873ms flash=724ms recycling=745ms minutes=841ms filters=49ms build=2ms items=10
[2026-06-15 22:01:10] do_paste start: name='Обтекаемая фара' hwnd=48300972
[2026-06-15 22:01:10] do_paste: foreground=True
[2026-06-15 22:01:10] do_paste: click=True
[2026-06-15 22:01:10] do_paste: click + clear + ctrl+v + cursor restore + enter sent
[2026-06-15 22:01:10] do_paste start: name='Глазница' hwnd=48300972
[2026-06-15 22:01:10] do_paste: foreground=True
[2026-06-15 22:01:10] do_paste: click=True
[2026-06-15 22:01:10] do_paste: click + clear + ctrl+v + cursor restore + enter sent
[2026-06-15 22:01:11] picker_refresh total=1054ms flash=706ms recycling=761ms minutes=1022ms filters=0ms build=2ms items=10
[2026-06-15 22:01:12] picker_refresh total=898ms flash=681ms recycling=724ms minutes=866ms filters=45ms build=2ms items=10
[2026-06-15 22:01:13] picker_refresh total=982ms flash=723ms recycling=740ms minutes=948ms filters=0ms build=2ms items=10
[2026-06-15 22:01:15] picker_refresh total=1162ms flash=697ms recycling=711ms minutes=1131ms filters=45ms build=2ms items=10
[2026-06-15 22:01:17] picker_refresh total=1033ms flash=816ms recycling=822ms minutes=1001ms filters=46ms build=2ms items=10
[2026-06-15 22:01:22] do_paste start: name='Обтекаемая фара' hwnd=48300972
[2026-06-15 22:01:22] do_paste: foreground=True
[2026-06-15 22:01:22] do_paste: click=True
[2026-06-15 22:01:22] do_paste: click + clear + ctrl+v + cursor restore + enter sent
[2026-06-15 22:01:22] do_paste start: name='Череп' hwnd=48300972
[2026-06-15 22:01:22] do_paste: foreground=True
[2026-06-15 22:01:22] do_paste: click=True
[2026-06-15 22:01:22] do_paste: click + clear + ctrl+v + cursor restore + enter sent
[2026-06-15 22:01:28] picker_refresh total=1022ms flash=739ms recycling=868ms minutes=988ms filters=48ms build=2ms items=10
[2026-06-15 22:01:40] picker_refresh total=1555ms flash=770ms recycling=1317ms minutes=1522ms filters=48ms build=3ms items=10
[2026-06-15 22:01:41] salvage stopped: confirm button not found
[2026-06-15 22:01:51] picker_refresh total=884ms flash=599ms recycling=694ms minutes=852ms filters=48ms build=2ms items=10
[2026-06-15 22:01:54] salvage stopped: confirm button not found
[2026-06-15 22:02:02] picker_refresh total=1258ms flash=852ms recycling=915ms minutes=1226ms filters=47ms build=2ms items=10
[2026-06-15 22:02:13] picker_refresh total=966ms flash=815ms recycling=840ms minutes=933ms filters=47ms build=2ms items=10
[2026-06-15 22:02:24] picker_refresh total=973ms flash=704ms recycling=528ms minutes=939ms filters=48ms build=2ms items=10
[2026-06-15 22:02:35] picker_refresh total=921ms flash=709ms recycling=767ms minutes=888ms filters=47ms build=2ms items=10
[2026-06-15 22:02:46] picker_refresh total=932ms flash=753ms recycling=751ms minutes=899ms filters=48ms build=2ms items=10
[2026-06-15 22:02:57] picker_refresh total=950ms flash=751ms recycling=785ms minutes=918ms filters=47ms build=2ms items=10
[2026-06-15 22:03:08] picker_refresh total=1166ms flash=949ms recycling=930ms minutes=1131ms filters=47ms build=2ms items=10
[2026-06-15 22:03:19] picker_refresh total=1425ms flash=682ms recycling=812ms minutes=1393ms filters=45ms build=2ms items=10
[2026-06-15 22:03:31] picker_refresh total=1540ms flash=1375ms recycling=1507ms minutes=1234ms filters=47ms build=2ms items=10
[2026-06-15 22:03:42] picker_refresh total=1169ms flash=929ms recycling=910ms minutes=1136ms filters=47ms build=2ms items=10
[2026-06-15 22:03:54] picker_refresh total=1558ms flash=1524ms recycling=872ms minutes=1014ms filters=46ms build=2ms items=10
[2026-06-15 22:04:05] picker_refresh total=972ms flash=684ms recycling=687ms minutes=940ms filters=45ms build=2ms items=10
[2026-06-15 22:04:15] picker_refresh total=864ms flash=774ms recycling=761ms minutes=832ms filters=46ms build=2ms items=10
[2026-06-15 22:04:26] picker_refresh total=996ms flash=707ms recycling=722ms minutes=964ms filters=46ms build=2ms items=10
[2026-06-15 22:04:37] picker_refresh total=1021ms flash=789ms recycling=805ms minutes=989ms filters=50ms build=2ms items=10
[2026-06-15 22:04:49] picker_refresh total=1242ms flash=725ms recycling=859ms minutes=1210ms filters=51ms build=2ms items=10
[2026-06-15 22:05:00] picker_refresh total=1082ms flash=801ms recycling=852ms minutes=1050ms filters=48ms build=2ms items=10
[2026-06-15 22:05:11] picker_refresh total=1023ms flash=785ms recycling=775ms minutes=990ms filters=53ms build=2ms items=9
[2026-06-15 22:05:13] do_paste start: name='Череп' hwnd=48300972
[2026-06-15 22:05:13] do_paste: foreground=True
[2026-06-15 22:05:13] do_paste: click=True
[2026-06-15 22:05:13] do_paste: click + clear + ctrl+v + cursor restore + enter sent
[2026-06-15 22:05:13] do_paste start: name='Обтекаемая фара' hwnd=48300972
[2026-06-15 22:05:13] do_paste: foreground=True
[2026-06-15 22:05:13] do_paste: click=True
[2026-06-15 22:05:13] picker_refresh total=1504ms flash=976ms recycling=1053ms minutes=1471ms filters=50ms build=2ms items=9
[2026-06-15 22:05:13] do_paste: click + clear + ctrl+v + cursor restore + enter sent
[2026-06-15 22:05:13] do_paste start: name='Череп' hwnd=48300972
[2026-06-15 22:05:13] do_paste: foreground=True
[2026-06-15 22:05:14] do_paste: click=True
[2026-06-15 22:05:14] do_paste: click + clear + ctrl+v + cursor restore + enter sent
[2026-06-15 22:05:15] picker_refresh total=1249ms flash=990ms recycling=1015ms minutes=1217ms filters=50ms build=2ms items=9
[2026-06-15 22:05:23] picker_refresh total=1987ms flash=1709ms recycling=1790ms minutes=1953ms filters=48ms build=2ms items=9
[2026-06-15 22:05:27] do_paste start: name='Обтекаемая фара' hwnd=48300972
[2026-06-15 22:05:27] do_paste: foreground=True
[2026-06-15 22:05:27] do_paste: click=True
[2026-06-15 22:05:27] do_paste: click + clear + ctrl+v + cursor restore + enter sent
[2026-06-15 22:05:27] do_paste start: name='Оборотень' hwnd=48300972
[2026-06-15 22:05:27] do_paste: foreground=True
[2026-06-15 22:05:27] do_paste: click=True
[2026-06-15 22:05:27] do_paste: click + clear + ctrl+v + cursor restore + enter sent
[2026-06-15 22:05:33] do_paste start: name='Б12 Голубка' hwnd=48300972
[2026-06-15 22:05:33] do_paste: foreground=True
[2026-06-15 22:05:33] do_paste: click=True
[2026-06-15 22:05:33] do_paste: click + clear + ctrl+v + cursor restore + enter sent
[2026-06-15 22:05:33] do_paste start: name='Оборотень' hwnd=48300972
[2026-06-15 22:05:33] do_paste: foreground=True
[2026-06-15 22:05:33] do_paste: click=True
[2026-06-15 22:05:33] do_paste: click + clear + ctrl+v + cursor restore + enter sent
[2026-06-15 22:05:34] picker_refresh total=1022ms flash=746ms recycling=761ms minutes=990ms filters=46ms build=2ms items=9
[2026-06-15 22:05:35] do_paste start: name='Обтекаемая фара' hwnd=48300972
[2026-06-15 22:05:35] do_paste: foreground=True
[2026-06-15 22:05:35] do_paste: click=True
[2026-06-15 22:05:35] do_paste: click + clear + ctrl+v + cursor restore + enter sent
[2026-06-15 22:05:36] do_paste start: name='Оборотень' hwnd=48300972
[2026-06-15 22:05:36] do_paste: foreground=True
[2026-06-15 22:05:36] do_paste: click=True
[2026-06-15 22:05:36] do_paste: click + clear + ctrl+v + cursor restore + enter sent
[2026-06-15 22:05:38] do_paste start: name='Б12 Голубка' hwnd=48300972
[2026-06-15 22:05:38] do_paste: foreground=True
[2026-06-15 22:05:38] do_paste: click=True
[2026-06-15 22:05:38] do_paste: click + clear + ctrl+v + cursor restore + enter sent
[2026-06-15 22:05:40] do_paste start: name='Оборотень' hwnd=48300972
[2026-06-15 22:05:40] do_paste: foreground=True
[2026-06-15 22:05:40] do_paste: click=True
[2026-06-15 22:05:40] do_paste: click + clear + ctrl+v + cursor restore + enter sent
[2026-06-15 22:05:40] do_paste start: name='Обтекаемая фара' hwnd=48300972
[2026-06-15 22:05:40] do_paste: foreground=True
[2026-06-15 22:05:40] do_paste: click=True
[2026-06-15 22:05:40] do_paste: click + clear + ctrl+v + cursor restore + enter sent
[2026-06-15 22:05:45] picker_refresh total=979ms flash=712ms recycling=730ms minutes=947ms filters=46ms build=3ms items=9
[2026-06-15 22:05:56] picker_refresh total=955ms flash=711ms recycling=763ms minutes=923ms filters=49ms build=2ms items=9
[2026-06-15 22:06:07] picker_refresh total=1091ms flash=623ms recycling=629ms minutes=1060ms filters=47ms build=2ms items=9
[2026-06-15 22:06:18] picker_refresh total=908ms flash=738ms recycling=682ms minutes=877ms filters=46ms build=2ms items=9
[2026-06-15 22:06:29] picker_refresh total=868ms flash=650ms recycling=837ms minutes=836ms filters=46ms build=2ms items=9
[2026-06-15 22:06:40] picker_refresh total=943ms flash=691ms recycling=739ms minutes=911ms filters=46ms build=2ms items=9
[2026-06-15 22:06:51] picker_refresh total=1281ms flash=754ms recycling=755ms minutes=1250ms filters=46ms build=2ms items=9
[2026-06-15 22:07:03] picker_refresh total=1791ms flash=730ms recycling=602ms minutes=1759ms filters=48ms build=2ms items=9
[2026-06-15 22:07:14] picker_refresh total=986ms flash=815ms recycling=816ms minutes=954ms filters=47ms build=2ms items=9
[2026-06-15 22:07:25] picker_refresh total=940ms flash=731ms recycling=785ms minutes=909ms filters=46ms build=2ms items=9
[2026-06-15 22:07:36] picker_refresh total=991ms flash=753ms recycling=766ms minutes=959ms filters=46ms build=2ms items=9
[2026-06-15 22:07:47] picker_refresh total=971ms flash=728ms recycling=745ms minutes=940ms filters=48ms build=2ms items=9
[2026-06-15 22:07:58] picker_refresh total=1094ms flash=854ms recycling=832ms minutes=1062ms filters=46ms build=2ms items=9
[2026-06-15 22:08:09] picker_refresh total=1255ms flash=845ms recycling=852ms minutes=1222ms filters=48ms build=2ms items=9
[2026-06-15 22:08:20] picker_refresh total=1119ms flash=863ms recycling=821ms minutes=1088ms filters=50ms build=2ms items=9
[2026-06-15 22:08:31] picker_refresh total=956ms flash=798ms recycling=811ms minutes=925ms filters=49ms build=2ms items=9
[2026-06-15 22:08:42] picker_refresh total=1052ms flash=996ms recycling=866ms minutes=1020ms filters=47ms build=2ms items=9
[2026-06-15 22:08:53] picker_refresh total=1006ms flash=879ms recycling=763ms minutes=973ms filters=46ms build=3ms items=9
[2026-06-15 22:09:04] picker_refresh total=885ms flash=716ms recycling=780ms minutes=853ms filters=46ms build=2ms items=9
[2026-06-15 22:09:16] picker_refresh total=1510ms flash=723ms recycling=715ms minutes=1479ms filters=46ms build=2ms items=9
[2026-06-15 22:09:27] picker_refresh total=1129ms flash=916ms recycling=923ms minutes=1097ms filters=51ms build=3ms items=9
[2026-06-15 22:09:38] picker_refresh total=1050ms flash=846ms recycling=887ms minutes=1019ms filters=47ms build=2ms items=9
[2026-06-15 22:09:49] picker_refresh total=1103ms flash=798ms recycling=551ms minutes=1071ms filters=47ms build=2ms items=9
[2026-06-15 22:10:00] do_paste start: name='Оборотень' hwnd=48300972
[2026-06-15 22:10:00] do_paste: foreground=True
[2026-06-15 22:10:00] do_paste: click=True
[2026-06-15 22:10:00] do_paste: click + clear + ctrl+v + cursor restore + enter sent
[2026-06-15 22:10:00] do_paste start: name='Обтекаемая фара' hwnd=48300972
[2026-06-15 22:10:00] do_paste: foreground=True
[2026-06-15 22:10:00] do_paste: click=True
[2026-06-15 22:10:00] do_paste: click + clear + ctrl+v + cursor restore + enter sent
[2026-06-15 22:10:00] picker_refresh total=1152ms flash=782ms recycling=761ms minutes=1121ms filters=46ms build=2ms items=9
[2026-06-15 22:10:09] picker_refresh total=1012ms flash=767ms recycling=822ms minutes=980ms filters=45ms build=3ms items=5
[2026-06-15 22:10:11] picker_refresh total=921ms flash=729ms recycling=787ms minutes=889ms filters=0ms build=3ms items=5
[2026-06-15 22:10:11] do_paste start: name='Кувагата' hwnd=48300972
[2026-06-15 22:10:11] do_paste: foreground=True
[2026-06-15 22:10:11] do_paste: click=True
[2026-06-15 22:10:12] do_paste: click + clear + ctrl+v + cursor restore + enter sent
[2026-06-15 22:10:12] do_paste start: name='Глазница' hwnd=48300972
[2026-06-15 22:10:12] do_paste: foreground=True
[2026-06-15 22:10:12] picker_refresh total=898ms flash=695ms recycling=748ms minutes=867ms filters=46ms build=2ms items=5
[2026-06-15 22:10:12] do_paste: click=True
[2026-06-15 22:10:12] do_paste: click + clear + ctrl+v + cursor restore + enter sent
[2026-06-15 22:10:15] picker_refresh total=3147ms flash=2918ms recycling=3092ms minutes=3115ms filters=0ms build=2ms items=5
[2026-06-15 22:10:21] picker_refresh total=4832ms flash=4649ms recycling=4507ms minutes=4799ms filters=47ms build=2ms items=5
[2026-06-15 22:10:24] do_paste start: name='Кувагата' hwnd=48300972
[2026-06-15 22:10:24] do_paste: foreground=True
[2026-06-15 22:10:24] do_paste: click=True
[2026-06-15 22:10:24] do_paste: click + clear + ctrl+v + cursor restore + enter sent
[2026-06-15 22:10:32] picker_refresh total=832ms flash=633ms recycling=694ms minutes=800ms filters=45ms build=2ms items=5
[2026-06-15 22:10:36] do_paste start: name='Обтекаемая фара' hwnd=48300972
[2026-06-15 22:10:36] do_paste: foreground=True
[2026-06-15 22:10:36] do_paste: click=True
[2026-06-15 22:10:36] do_paste: click + clear + ctrl+v + cursor restore + enter sent
[2026-06-15 22:10:36] do_paste start: name='Кувагата' hwnd=48300972
[2026-06-15 22:10:36] do_paste: foreground=True
[2026-06-15 22:10:36] do_paste: click=True
[2026-06-15 22:10:36] do_paste: click + clear + ctrl+v + cursor restore + enter sent
[2026-06-15 22:10:36] do_paste start: name='Глазница' hwnd=48300972
[2026-06-15 22:10:36] do_paste: foreground=True
[2026-06-15 22:10:36] do_paste: click=True
[2026-06-15 22:10:37] do_paste: click + clear + ctrl+v + cursor restore + enter sent
[2026-06-15 22:10:37] do_paste start: name='Оборотень' hwnd=48300972
[2026-06-15 22:10:37] do_paste: foreground=True
[2026-06-15 22:10:37] do_paste: click=True
[2026-06-15 22:10:37] do_paste: click + clear + ctrl+v + cursor restore + enter sent
[2026-06-15 22:10:37] do_paste start: name='Б12 Голубка' hwnd=48300972
[2026-06-15 22:10:37] do_paste: foreground=True
[2026-06-15 22:10:37] do_paste: click=True
[2026-06-15 22:10:37] do_paste: click + clear + ctrl+v + cursor restore + enter sent
[2026-06-15 22:10:37] do_paste start: name='Оборотень' hwnd=48300972
[2026-06-15 22:10:37] do_paste: foreground=True
[2026-06-15 22:10:37] do_paste: click=True
[2026-06-15 22:10:37] do_paste: click + clear + ctrl+v + cursor restore + enter sent
[2026-06-15 22:10:43] picker_refresh total=1247ms flash=737ms recycling=719ms minutes=1215ms filters=45ms build=2ms items=5
[2026-06-15 22:10:54] picker_refresh total=781ms flash=705ms recycling=747ms minutes=637ms filters=47ms build=2ms items=5
[2026-06-15 22:11:05] picker_refresh total=1036ms flash=755ms recycling=809ms minutes=1004ms filters=45ms build=2ms items=5
[2026-06-15 22:11:16] picker_refresh total=1096ms flash=628ms recycling=1065ms minutes=808ms filters=46ms build=2ms items=5
[2026-06-15 22:11:27] picker_refresh total=967ms flash=760ms recycling=778ms minutes=935ms filters=46ms build=3ms items=5
[2026-06-15 22:11:38] picker_refresh total=1082ms flash=667ms recycling=745ms minutes=1050ms filters=46ms build=2ms items=5
[2026-06-15 22:11:49] picker_refresh total=1065ms flash=779ms recycling=828ms minutes=1033ms filters=47ms build=2ms items=5
[2026-06-15 22:12:00] picker_refresh total=1030ms flash=791ms recycling=808ms minutes=998ms filters=47ms build=2ms items=5
[2026-06-15 22:12:11] picker_refresh total=939ms flash=453ms recycling=725ms minutes=904ms filters=48ms build=2ms items=5
[2026-06-15 22:12:22] picker_refresh total=1042ms flash=758ms recycling=754ms minutes=1009ms filters=45ms build=2ms items=5
[2026-06-15 22:12:33] picker_refresh total=962ms flash=784ms recycling=785ms minutes=929ms filters=45ms build=2ms items=5
[2026-06-15 22:12:44] picker_refresh total=993ms flash=743ms recycling=762ms minutes=962ms filters=46ms build=2ms items=5
[2026-06-15 22:12:55] picker_refresh total=996ms flash=750ms recycling=773ms minutes=965ms filters=44ms build=2ms items=5
[2026-06-15 22:13:06] picker_refresh total=924ms flash=743ms recycling=788ms minutes=891ms filters=46ms build=2ms items=5
[2026-06-15 22:13:17] picker_refresh total=974ms flash=737ms recycling=725ms minutes=942ms filters=46ms build=2ms items=5
[2026-06-15 22:13:27] do_paste start: name='Глазница' hwnd=48300972
[2026-06-15 22:13:27] do_paste: foreground=True
[2026-06-15 22:13:27] do_paste: click=True
[2026-06-15 22:13:27] do_paste: click + clear + ctrl+v + cursor restore + enter sent
[2026-06-15 22:13:27] do_paste start: name='Кувагата' hwnd=48300972
[2026-06-15 22:13:27] do_paste: foreground=True
[2026-06-15 22:13:27] do_paste: click=True
[2026-06-15 22:13:27] do_paste: click + clear + ctrl+v + cursor restore + enter sent
[2026-06-15 22:13:28] do_paste start: name='Глазница' hwnd=48300972
[2026-06-15 22:13:28] do_paste: foreground=True
[2026-06-15 22:13:28] do_paste: click=True
[2026-06-15 22:13:28] do_paste: click + clear + ctrl+v + cursor restore + enter sent
[2026-06-15 22:13:28] picker_refresh total=974ms flash=747ms recycling=762ms minutes=943ms filters=45ms build=2ms items=5
[2026-06-15 22:13:30] do_paste start: name='Оборотень' hwnd=48300972
[2026-06-15 22:13:30] do_paste: foreground=True
[2026-06-15 22:13:30] do_paste: click=True
[2026-06-15 22:13:30] do_paste: click + clear + ctrl+v + cursor restore + enter sent
[2026-06-15 22:13:30] do_paste start: name='Глазница' hwnd=48300972
[2026-06-15 22:13:30] do_paste: foreground=True
[2026-06-15 22:13:30] do_paste: click=True
[2026-06-15 22:13:30] do_paste: click + clear + ctrl+v + cursor restore + enter sent
[2026-06-15 22:13:32] do_paste start: name='Оборотень' hwnd=48300972
[2026-06-15 22:13:32] do_paste: foreground=True
[2026-06-15 22:13:32] do_paste: click=True
[2026-06-15 22:13:32] do_paste: click + clear + ctrl+v + cursor restore + enter sent
[2026-06-15 22:13:32] do_paste start: name='Глазница' hwnd=48300972
[2026-06-15 22:13:32] do_paste: foreground=True
[2026-06-15 22:13:32] do_paste: click=True
[2026-06-15 22:13:32] do_paste: click + clear + ctrl+v + cursor restore + enter sent
[2026-06-15 22:13:39] picker_refresh total=1013ms flash=767ms recycling=787ms minutes=981ms filters=46ms build=2ms items=5
[2026-06-15 22:13:50] picker_refresh total=867ms flash=777ms recycling=778ms minutes=831ms filters=51ms build=2ms items=5
[2026-06-15 22:14:01] picker_refresh total=1355ms flash=1158ms recycling=1323ms minutes=1185ms filters=47ms build=2ms items=5
[2026-06-15 22:14:12] picker_refresh total=958ms flash=749ms recycling=727ms minutes=926ms filters=46ms build=2ms items=5
[2026-06-15 22:14:23] picker_refresh total=1009ms flash=866ms recycling=859ms minutes=976ms filters=46ms build=2ms items=5
[2026-06-15 22:14:35] picker_refresh total=1503ms flash=1404ms recycling=1471ms minutes=1314ms filters=45ms build=2ms items=5
[2026-06-15 22:14:46] picker_refresh total=920ms flash=711ms recycling=698ms minutes=887ms filters=46ms build=2ms items=5
[2026-06-15 22:14:57] picker_refresh total=1064ms flash=971ms recycling=840ms minutes=1032ms filters=45ms build=2ms items=5
[2026-06-15 22:15:08] picker_refresh total=1060ms flash=825ms recycling=867ms minutes=1028ms filters=46ms build=2ms items=11
[2026-06-15 22:15:10] picker_refresh total=981ms flash=762ms recycling=799ms minutes=949ms filters=47ms build=2ms items=11
[2026-06-15 22:15:11] picker_refresh total=942ms flash=723ms recycling=739ms minutes=910ms filters=0ms build=2ms items=11
[2026-06-15 22:15:14] picker_refresh total=1736ms flash=997ms recycling=1243ms minutes=1704ms filters=48ms build=2ms items=11
[2026-06-15 22:15:20] picker_refresh total=5721ms flash=5688ms recycling=4630ms minutes=5341ms filters=46ms build=2ms items=11
[2026-06-15 22:15:22] picker_refresh total=2205ms flash=1967ms recycling=2148ms minutes=2172ms filters=45ms build=2ms items=11
[2026-06-15 22:15:31] picker_refresh total=2587ms flash=2399ms recycling=2385ms minutes=2555ms filters=46ms build=2ms items=11
[2026-06-15 22:15:42] picker_refresh total=985ms flash=745ms recycling=744ms minutes=954ms filters=45ms build=2ms items=11
[2026-06-15 22:15:53] picker_refresh total=996ms flash=776ms recycling=827ms minutes=964ms filters=47ms build=2ms items=11
[2026-06-15 22:16:03] picker_refresh total=872ms flash=671ms recycling=790ms minutes=839ms filters=47ms build=2ms items=11
[2026-06-15 22:16:14] picker_refresh total=982ms flash=733ms recycling=728ms minutes=950ms filters=52ms build=2ms items=11
[2026-06-15 22:16:25] picker_refresh total=986ms flash=805ms recycling=851ms minutes=954ms filters=45ms build=2ms items=11
[2026-06-15 22:16:36] picker_refresh total=922ms flash=670ms recycling=769ms minutes=891ms filters=46ms build=2ms items=11
[2026-06-15 22:16:47] picker_refresh total=1064ms flash=796ms recycling=798ms minutes=1026ms filters=47ms build=2ms items=11
[2026-06-15 22:16:58] picker_refresh total=996ms flash=756ms recycling=781ms minutes=961ms filters=48ms build=3ms items=11
[2026-06-15 22:17:09] do_paste start: name='Оборотень' hwnd=48300972
[2026-06-15 22:17:09] do_paste: foreground=True
[2026-06-15 22:17:09] do_paste: click=True
[2026-06-15 22:17:09] do_paste: click + clear + ctrl+v + cursor restore + enter sent
[2026-06-15 22:17:09] do_paste start: name='Парная фара' hwnd=48300972
[2026-06-15 22:17:09] do_paste: foreground=True
[2026-06-15 22:17:09] do_paste: click=True
[2026-06-15 22:17:09] do_paste: click + clear + ctrl+v + cursor restore + enter sent
[2026-06-15 22:17:10] picker_refresh total=1056ms flash=952ms recycling=848ms minutes=1025ms filters=44ms build=2ms items=11
[2026-06-15 22:17:11] do_paste start: name='Оборотень' hwnd=48300972
[2026-06-15 22:17:11] do_paste: foreground=True
[2026-06-15 22:17:11] do_paste: click=True
[2026-06-15 22:17:11] do_paste: click + clear + ctrl+v + cursor restore + enter sent
[2026-06-15 22:17:11] do_paste start: name='Парная фара' hwnd=48300972
[2026-06-15 22:17:11] do_paste: foreground=True
[2026-06-15 22:17:11] do_paste: click=True
[2026-06-15 22:17:11] do_paste: click + clear + ctrl+v + cursor restore + enter sent
[2026-06-15 22:17:12] do_paste start: name='Оборотень' hwnd=48300972
[2026-06-15 22:17:12] do_paste: foreground=True
[2026-06-15 22:17:12] do_paste: click=True
[2026-06-15 22:17:12] do_paste: click + clear + ctrl+v + cursor restore + enter sent
[2026-06-15 22:17:13] do_paste start: name='Парная фара' hwnd=48300972
[2026-06-15 22:17:13] do_paste: foreground=True
[2026-06-15 22:17:13] do_paste: click=True
[2026-06-15 22:17:13] do_paste: click + clear + ctrl+v + cursor restore + enter sent
[2026-06-15 22:17:21] picker_refresh total=1036ms flash=800ms recycling=828ms minutes=1004ms filters=47ms build=2ms items=11
[2026-06-15 22:17:32] picker_refresh total=977ms flash=779ms recycling=800ms minutes=941ms filters=46ms build=2ms items=11
[2026-06-15 22:17:43] picker_refresh total=1063ms flash=776ms recycling=785ms minutes=1032ms filters=45ms build=2ms items=11
[2026-06-15 22:17:54] picker_refresh total=919ms flash=708ms recycling=761ms minutes=887ms filters=45ms build=2ms items=11
[2026-06-15 22:18:04] picker_refresh total=955ms flash=753ms recycling=748ms minutes=924ms filters=46ms build=2ms items=11
[2026-06-15 22:18:15] picker_refresh total=960ms flash=767ms recycling=797ms minutes=926ms filters=48ms build=2ms items=11
[2026-06-15 22:18:26] picker_refresh total=941ms flash=694ms recycling=790ms minutes=909ms filters=45ms build=2ms items=11
[2026-06-15 22:18:37] picker_refresh total=946ms flash=762ms recycling=733ms minutes=915ms filters=47ms build=2ms items=11
[2026-06-15 22:18:49] picker_refresh total=1302ms flash=640ms recycling=723ms minutes=1270ms filters=46ms build=2ms items=11
[2026-06-15 22:19:00] picker_refresh total=1131ms flash=880ms recycling=904ms minutes=1097ms filters=47ms build=2ms items=11
[2026-06-15 22:19:11] picker_refresh total=999ms flash=806ms recycling=819ms minutes=967ms filters=46ms build=2ms items=11
[2026-06-15 22:19:22] picker_refresh total=914ms flash=758ms recycling=761ms minutes=882ms filters=47ms build=2ms items=11
[2026-06-15 22:19:33] picker_refresh total=1366ms flash=1099ms recycling=1136ms minutes=1334ms filters=46ms build=2ms items=11
[2026-06-15 22:19:44] picker_refresh total=1030ms flash=728ms recycling=840ms minutes=996ms filters=44ms build=2ms items=11
[2026-06-15 22:19:55] picker_refresh total=917ms flash=775ms recycling=767ms minutes=885ms filters=47ms build=2ms items=11
[2026-06-15 22:20:06] picker_refresh total=1051ms flash=855ms recycling=875ms minutes=1018ms filters=46ms build=2ms items=11
[2026-06-15 22:20:09] picker_refresh total=987ms flash=729ms recycling=780ms minutes=953ms filters=46ms build=2ms items=11
[2026-06-15 22:20:10] picker_refresh total=914ms flash=714ms recycling=695ms minutes=879ms filters=0ms build=2ms items=11
[2026-06-15 22:20:12] picker_refresh total=929ms flash=696ms recycling=775ms minutes=897ms filters=45ms build=2ms items=11
[2026-06-15 22:20:14] picker_refresh total=2295ms flash=1885ms recycling=2264ms minutes=1825ms filters=0ms build=2ms items=11
[2026-06-15 22:20:22] picker_refresh total=6888ms flash=6727ms recycling=6821ms minutes=6857ms filters=45ms build=2ms items=11
[2026-06-15 22:20:30] do_paste start: name='Оборотень' hwnd=48300972
[2026-06-15 22:20:30] do_paste: foreground=True
[2026-06-15 22:20:30] do_paste: click=True
[2026-06-15 22:20:30] do_paste: click + clear + ctrl+v + cursor restore + enter sent
[2026-06-15 22:20:30] do_paste start: name='Нагнетатель' hwnd=48300972
[2026-06-15 22:20:30] do_paste: foreground=True
[2026-06-15 22:20:30] do_paste: click=True
[2026-06-15 22:20:30] do_paste: click + clear + ctrl+v + cursor restore + enter sent
[2026-06-15 22:20:31] picker_refresh total=4523ms flash=1307ms recycling=4490ms minutes=1324ms filters=49ms build=2ms items=11
[2026-06-15 22:20:42] picker_refresh total=976ms flash=713ms recycling=752ms minutes=945ms filters=47ms build=2ms items=11
[2026-06-15 22:20:53] picker_refresh total=972ms flash=824ms recycling=852ms minutes=940ms filters=47ms build=2ms items=11
[2026-06-15 22:20:57] do_paste start: name='Осветитель' hwnd=48300972
[2026-06-15 22:20:57] do_paste: foreground=True
[2026-06-15 22:20:57] do_paste: click=True
[2026-06-15 22:20:57] do_paste: click + clear + ctrl+v + cursor restore + enter sent
[2026-06-15 22:21:03] do_paste start: name='Задний фонарь' hwnd=48300972
[2026-06-15 22:21:03] do_paste: foreground=True
[2026-06-15 22:21:03] do_paste: click=True
[2026-06-15 22:21:03] do_paste: click + clear + ctrl+v + cursor restore + enter sent
[2026-06-15 22:21:04] picker_refresh total=953ms flash=709ms recycling=761ms minutes=921ms filters=46ms build=2ms items=11
[2026-06-15 22:21:10] do_paste start: name='Череп' hwnd=48300972
[2026-06-15 22:21:10] do_paste: foreground=True
[2026-06-15 22:21:10] do_paste: click=True
[2026-06-15 22:21:11] do_paste: click + clear + ctrl+v + cursor restore + enter sent
[2026-06-15 22:21:14] picker_refresh total=934ms flash=684ms recycling=780ms minutes=902ms filters=46ms build=2ms items=11
[2026-06-15 22:21:20] do_paste start: name='Обратный отсчет' hwnd=48300972
[2026-06-15 22:21:20] do_paste: foreground=True
[2026-06-15 22:21:20] do_paste: click=True
[2026-06-15 22:21:20] do_paste: click + clear + ctrl+v + cursor restore + enter sent
[2026-06-15 22:21:20] do_paste start: name='Зеркало вездехода левое' hwnd=48300972
[2026-06-15 22:21:20] do_paste: foreground=True
[2026-06-15 22:21:20] do_paste: click=True
[2026-06-15 22:21:20] do_paste: click + clear + ctrl+v + cursor restore + enter sent
[2026-06-15 22:21:25] picker_refresh total=899ms flash=691ms recycling=708ms minutes=868ms filters=46ms build=2ms items=11
[2026-06-15 22:21:27] salvage stopped: confirm button not found
[2026-06-15 22:21:34] salvage stopped: confirm button not found
[2026-06-15 22:21:36] picker_refresh total=919ms flash=668ms recycling=756ms minutes=887ms filters=46ms build=2ms items=11
[2026-06-15 22:21:37] salvage stopped: confirm button not found
[2026-06-15 22:21:47] picker_refresh total=996ms flash=732ms recycling=780ms minutes=964ms filters=46ms build=2ms items=11
[2026-06-15 22:21:58] picker_refresh total=921ms flash=735ms recycling=777ms minutes=887ms filters=45ms build=2ms items=11
[2026-06-15 22:22:09] picker_refresh total=1105ms flash=805ms recycling=778ms minutes=1074ms filters=45ms build=2ms items=11
[2026-06-15 22:22:20] picker_refresh total=1106ms flash=766ms recycling=817ms minutes=1074ms filters=48ms build=2ms items=11
[2026-06-15 22:22:32] picker_refresh total=1138ms flash=717ms recycling=767ms minutes=1107ms filters=49ms build=2ms items=11
[2026-06-15 22:22:43] picker_refresh total=1024ms flash=787ms recycling=822ms minutes=990ms filters=48ms build=2ms items=11
[2026-06-15 22:22:53] salvage stopped: confirm button not found
[2026-06-15 22:22:54] picker_refresh total=943ms flash=704ms recycling=752ms minutes=911ms filters=47ms build=2ms items=11
[2026-06-15 22:22:56] salvage stopped: confirm button not found
[2026-06-15 22:22:57] salvage stopped: confirm button not found
[2026-06-15 22:23:01] salvage stopped: confirm button not found
[2026-06-15 22:23:05] picker_refresh total=1076ms flash=615ms recycling=666ms minutes=1044ms filters=46ms build=3ms items=11
[2026-06-15 22:23:05] do_paste start: name='Антикрыло' hwnd=48300972
[2026-06-15 22:23:05] do_paste: foreground=True
[2026-06-15 22:23:05] do_paste: click=True
[2026-06-15 22:23:05] do_paste: click + clear + ctrl+v + cursor restore + enter sent
[2026-06-15 22:23:06] do_paste start: name='Зеркало вездехода левое' hwnd=48300972
[2026-06-15 22:23:06] do_paste: foreground=True
[2026-06-15 22:23:06] do_paste: click=True
[2026-06-15 22:23:06] do_paste: click + clear + ctrl+v + cursor restore + enter sent
[2026-06-15 22:23:09] do_paste start: name='Обратный отсчет' hwnd=48300972
[2026-06-15 22:23:09] do_paste: foreground=True
[2026-06-15 22:23:09] do_paste: click=True
[2026-06-15 22:23:09] do_paste: click + clear + ctrl+v + cursor restore + enter sent
[2026-06-15 22:23:09] do_paste start: name='Череп' hwnd=48300972
[2026-06-15 22:23:09] do_paste: foreground=True
[2026-06-15 22:23:09] do_paste: click=True
[2026-06-15 22:23:09] do_paste: click + clear + ctrl+v + cursor restore + enter sent
[2026-06-15 22:23:16] picker_refresh total=951ms flash=743ms recycling=819ms minutes=919ms filters=45ms build=2ms items=11
[2026-06-15 22:23:23] salvage stopped: confirm button not found
[2026-06-15 22:23:25] salvage stopped: confirm button not found
[2026-06-15 22:23:26] salvage stopped: confirm button not found
[2026-06-15 22:23:27] picker_refresh total=985ms flash=725ms recycling=777ms minutes=952ms filters=45ms build=2ms items=11
[2026-06-15 22:23:30] salvage stopped: confirm button not found
[2026-06-15 22:23:38] picker_refresh total=1020ms flash=815ms recycling=847ms minutes=989ms filters=46ms build=2ms items=11
[2026-06-15 22:23:49] picker_refresh total=926ms flash=755ms recycling=760ms minutes=894ms filters=46ms build=2ms items=11
[2026-06-15 22:23:59] picker_refresh total=943ms flash=759ms recycling=801ms minutes=911ms filters=47ms build=2ms items=11
[2026-06-15 22:24:10] picker_refresh total=1001ms flash=749ms recycling=800ms minutes=968ms filters=46ms build=2ms items=11
[2026-06-15 22:24:21] picker_refresh total=966ms flash=837ms recycling=715ms minutes=934ms filters=50ms build=2ms items=11
[2026-06-15 22:24:32] picker_refresh total=992ms flash=803ms recycling=783ms minutes=960ms filters=49ms build=2ms items=11
[2026-06-15 22:24:43] picker_refresh total=817ms flash=445ms recycling=697ms minutes=785ms filters=47ms build=2ms items=11
[2026-06-15 22:24:54] picker_refresh total=922ms flash=727ms recycling=787ms minutes=890ms filters=49ms build=2ms items=11
[2026-06-15 22:25:05] picker_refresh total=974ms flash=734ms recycling=763ms minutes=943ms filters=48ms build=2ms items=11
[2026-06-15 22:25:09] picker_refresh total=947ms flash=724ms recycling=709ms minutes=916ms filters=50ms build=2ms items=8
[2026-06-15 22:25:10] picker_refresh total=853ms flash=717ms recycling=706ms minutes=822ms filters=0ms build=2ms items=8
[2026-06-15 22:25:12] picker_refresh total=833ms flash=591ms recycling=679ms minutes=799ms filters=47ms build=3ms items=8
[2026-06-15 22:25:14] picker_refresh total=1938ms flash=1777ms recycling=1760ms minutes=1907ms filters=0ms build=2ms items=8
[2026-06-15 22:25:19] picker_refresh total=5167ms flash=4979ms recycling=4849ms minutes=5135ms filters=47ms build=2ms items=8
[2026-06-15 22:25:26] picker_refresh total=965ms flash=755ms recycling=772ms minutes=933ms filters=47ms build=3ms items=8
[2026-06-15 22:25:37] picker_refresh total=878ms flash=674ms recycling=706ms minutes=846ms filters=46ms build=2ms items=8
[2026-06-15 22:25:38] do_paste start: name='Антикрыло' hwnd=48300972
[2026-06-15 22:25:38] do_paste: foreground=True
[2026-06-15 22:25:38] do_paste: click=True
[2026-06-15 22:25:38] do_paste: click + clear + ctrl+v + cursor restore + enter sent
[2026-06-15 22:25:38] do_paste start: name='Стоп-сигнал' hwnd=48300972
[2026-06-15 22:25:38] do_paste: foreground=True
[2026-06-15 22:25:39] do_paste: click=True
[2026-06-15 22:25:39] do_paste start: name='Зеркало вездехода левое' hwnd=48300972
[2026-06-15 22:25:39] do_paste: foreground=True
[2026-06-15 22:25:39] do_paste: click + clear + ctrl+v + cursor restore + enter sent
[2026-06-15 22:25:39] do_paste: click=True
[2026-06-15 22:25:39] do_paste: click + clear + ctrl+v + cursor restore + enter sent
[2026-06-15 22:25:39] do_paste start: name='Череп' hwnd=48300972
[2026-06-15 22:25:39] do_paste: foreground=True
[2026-06-15 22:25:39] do_paste: click=True
[2026-06-15 22:25:39] do_paste start: name='Обратный отсчет' hwnd=48300972
[2026-06-15 22:25:39] do_paste: foreground=True
[2026-06-15 22:25:39] do_paste: click + clear + ctrl+v + cursor restore + enter sent
[2026-06-15 22:25:39] do_paste: click=True
[2026-06-15 22:25:39] do_paste start: name='Осветитель' hwnd=48300972
[2026-06-15 22:25:39] do_paste: foreground=True
[2026-06-15 22:25:39] do_paste: click + clear + ctrl+v + cursor restore + enter sent
[2026-06-15 22:25:39] do_paste: click=True
[2026-06-15 22:25:39] do_paste: click + clear + ctrl+v + cursor restore + enter sent
[2026-06-15 22:25:39] do_paste start: name='Фара экскаватора левая' hwnd=48300972
[2026-06-15 22:25:39] do_paste: foreground=True
[2026-06-15 22:25:39] do_paste: click=True
[2026-06-15 22:25:39] do_paste: click + clear + ctrl+v + cursor restore + enter sent
[2026-06-15 22:25:42] do_paste start: name='Осветитель' hwnd=48300972
[2026-06-15 22:25:42] do_paste: foreground=True
[2026-06-15 22:25:42] do_paste: click=True
[2026-06-15 22:25:42] do_paste: click + clear + ctrl+v + cursor restore + enter sent
[2026-06-15 22:25:42] do_paste start: name='Обратный отсчет' hwnd=48300972
[2026-06-15 22:25:42] do_paste: foreground=True
[2026-06-15 22:25:42] do_paste: click=True
[2026-06-15 22:25:42] do_paste: click + clear + ctrl+v + cursor restore + enter sent
[2026-06-15 22:25:42] do_paste start: name='Череп' hwnd=48300972
[2026-06-15 22:25:42] do_paste: foreground=True
[2026-06-15 22:25:42] do_paste: click=True
[2026-06-15 22:25:42] do_paste start: name='Зеркало вездехода левое' hwnd=48300972
[2026-06-15 22:25:42] do_paste: foreground=True
[2026-06-15 22:25:42] do_paste: click + clear + ctrl+v + cursor restore + enter sent
[2026-06-15 22:25:42] do_paste: click=True
[2026-06-15 22:25:42] do_paste: click + clear + ctrl+v + cursor restore + enter sent
[2026-06-15 22:25:42] do_paste start: name='Стоп-сигнал' hwnd=48300972
[2026-06-15 22:25:42] do_paste: foreground=True
[2026-06-15 22:25:42] do_paste: click=True
[2026-06-15 22:25:42] do_paste start: name='Антикрыло' hwnd=48300972
[2026-06-15 22:25:42] do_paste: foreground=True
[2026-06-15 22:25:42] do_paste: click + clear + ctrl+v + cursor restore + enter sent
[2026-06-15 22:25:42] do_paste: click=True
[2026-06-15 22:25:43] do_paste start: name='Нагнетатель' hwnd=48300972
[2026-06-15 22:25:43] do_paste: foreground=True
[2026-06-15 22:25:43] do_paste: click + clear + ctrl+v + cursor restore + enter sent
[2026-06-15 22:25:43] do_paste: click=True
[2026-06-15 22:25:43] do_paste: click + clear + ctrl+v + cursor restore + enter sent
[2026-06-15 22:25:43] do_paste start: name='Фара экскаватора левая' hwnd=48300972
[2026-06-15 22:25:43] do_paste: foreground=True
[2026-06-15 22:25:43] do_paste: click=True
[2026-06-15 22:25:43] do_paste: click + clear + ctrl+v + cursor restore + enter sent
[2026-06-15 22:25:48] picker_refresh total=875ms flash=666ms recycling=695ms minutes=843ms filters=47ms build=2ms items=8
[2026-06-15 22:25:52] do_paste start: name='Осветитель' hwnd=48300972
[2026-06-15 22:25:52] do_paste: foreground=True
[2026-06-15 22:25:52] do_paste: click=True
[2026-06-15 22:25:52] do_paste: click + clear + ctrl+v + cursor restore + enter sent
[2026-06-15 22:25:59] picker_refresh total=920ms flash=733ms recycling=744ms minutes=889ms filters=46ms build=2ms items=8
[2026-06-15 22:25:59] salvage stopped: confirm button not found
[2026-06-15 22:26:09] salvage stopped: confirm button not found
[2026-06-15 22:26:10] picker_refresh total=844ms flash=633ms recycling=678ms minutes=813ms filters=48ms build=2ms items=8
[2026-06-15 22:26:10] salvage stopped: mouse moved
[2026-06-15 22:26:21] picker_refresh total=931ms flash=684ms recycling=900ms minutes=841ms filters=45ms build=2ms items=8
[2026-06-15 22:26:31] picker_refresh total=915ms flash=690ms recycling=702ms minutes=884ms filters=45ms build=3ms items=8
[2026-06-15 22:26:42] picker_refresh total=881ms flash=746ms recycling=815ms minutes=849ms filters=49ms build=2ms items=8
[2026-06-15 22:26:53] picker_refresh total=889ms flash=682ms recycling=725ms minutes=857ms filters=48ms build=2ms items=8
[2026-06-15 22:27:04] picker_refresh total=993ms flash=750ms recycling=778ms minutes=961ms filters=49ms build=2ms items=8
[2026-06-15 22:27:15] picker_refresh total=924ms flash=702ms recycling=778ms minutes=893ms filters=46ms build=2ms items=8
[2026-06-15 22:27:26] picker_refresh total=867ms flash=662ms recycling=646ms minutes=835ms filters=46ms build=2ms items=8
[2026-06-15 22:27:38] picker_refresh total=1691ms flash=726ms recycling=1658ms minutes=1404ms filters=48ms build=2ms items=8
[2026-06-15 22:27:49] picker_refresh total=1581ms flash=1163ms recycling=1243ms minutes=1549ms filters=47ms build=2ms items=8
[2026-06-15 22:28:01] picker_refresh total=1429ms flash=1211ms recycling=1199ms minutes=1397ms filters=46ms build=2ms items=8
[2026-06-15 22:28:12] picker_refresh total=1025ms flash=713ms recycling=889ms minutes=994ms filters=48ms build=2ms items=8
[2026-06-15 22:28:23] picker_refresh total=1170ms flash=914ms recycling=950ms minutes=1138ms filters=46ms build=3ms items=8
[2026-06-15 22:28:34] picker_refresh total=968ms flash=722ms recycling=755ms minutes=934ms filters=47ms build=2ms items=8
[2026-06-15 22:28:45] picker_refresh total=1035ms flash=748ms recycling=802ms minutes=1004ms filters=49ms build=2ms items=8
[2026-06-15 22:28:56] picker_refresh total=972ms flash=706ms recycling=756ms minutes=940ms filters=53ms build=2ms items=8
[2026-06-15 22:29:07] picker_refresh total=969ms flash=747ms recycling=795ms minutes=937ms filters=47ms build=2ms items=8
[2026-06-15 22:29:18] picker_refresh total=940ms flash=739ms recycling=724ms minutes=909ms filters=45ms build=2ms items=8
[2026-06-15 22:29:29] picker_refresh total=987ms flash=736ms recycling=801ms minutes=955ms filters=48ms build=2ms items=8
[2026-06-15 22:29:40] picker_refresh total=953ms flash=744ms recycling=787ms minutes=922ms filters=49ms build=2ms items=8
[2026-06-15 22:29:51] picker_refresh total=1082ms flash=605ms recycling=652ms minutes=1051ms filters=47ms build=2ms items=8
[2026-06-15 22:30:02] picker_refresh total=943ms flash=912ms recycling=900ms minutes=868ms filters=47ms build=2ms items=8
[2026-06-15 22:30:09] picker_refresh total=949ms flash=769ms recycling=818ms minutes=917ms filters=46ms build=2ms items=8
[2026-06-15 22:30:11] picker_refresh total=1097ms flash=761ms recycling=760ms minutes=1064ms filters=0ms build=2ms items=8
[2026-06-15 22:30:12] picker_refresh total=1443ms flash=748ms recycling=778ms minutes=1411ms filters=48ms build=2ms items=8
[2026-06-15 22:30:14] picker_refresh total=860ms flash=752ms recycling=763ms minutes=829ms filters=47ms build=2ms items=8
[2026-06-15 22:30:15] picker_refresh total=856ms flash=725ms recycling=696ms minutes=824ms filters=0ms build=2ms items=8
[2026-06-15 22:30:23] picker_refresh total=1066ms flash=705ms recycling=741ms minutes=1033ms filters=46ms build=3ms items=8
[2026-06-15 22:30:34] picker_refresh total=1038ms flash=801ms recycling=850ms minutes=1006ms filters=47ms build=2ms items=8
[2026-06-15 22:30:45] picker_refresh total=1014ms flash=795ms recycling=784ms minutes=983ms filters=49ms build=2ms items=8
[2026-06-15 22:30:56] picker_refresh total=1007ms flash=699ms recycling=755ms minutes=971ms filters=46ms build=2ms items=8
[2026-06-15 22:31:08] picker_refresh total=1638ms flash=1500ms recycling=1532ms minutes=1606ms filters=47ms build=2ms items=8
[2026-06-15 22:31:20] picker_refresh total=2447ms flash=2416ms recycling=1872ms minutes=2212ms filters=46ms build=2ms items=8
[2026-06-15 22:31:43] do_paste start: name='Фара экскаватора левая' hwnd=48300972
[2026-06-15 22:31:43] do_paste: foreground=True
[2026-06-15 22:31:43] do_paste: click=True
[2026-06-15 22:31:43] do_paste: click + clear + ctrl+v + cursor restore + enter sent
[2026-06-15 22:31:44] do_paste start: name='Осветитель' hwnd=48300972
[2026-06-15 22:31:44] do_paste: foreground=True
[2026-06-15 22:31:44] do_paste: click=True
[2026-06-15 22:31:44] do_paste: click + clear + ctrl+v + cursor restore + enter sent
[2026-06-15 22:31:45] do_paste start: name='Фара экскаватора левая' hwnd=48300972
[2026-06-15 22:31:45] do_paste: foreground=True
[2026-06-15 22:31:45] do_paste: click=True
[2026-06-15 22:31:45] do_paste: click + clear + ctrl+v + cursor restore + enter sent
[2026-06-15 22:31:46] picker_refresh total=15515ms flash=15455ms recycling=15484ms minutes=15426ms filters=48ms build=2ms items=8
[2026-06-15 22:31:50] salvage stopped: confirm button not found
[2026-06-15 22:31:51] salvage stopped: confirm button not found
[2026-06-15 22:31:55] salvage stopped: confirm button not found
[2026-06-15 22:31:56] salvage stopped: confirm button not found
[2026-06-15 22:31:57] picker_refresh total=1102ms flash=779ms recycling=814ms minutes=1069ms filters=46ms build=2ms items=8
[2026-06-15 22:32:00] salvage stopped: confirm button not found
[2026-06-15 22:32:01] salvage stopped: confirm button not found
[2026-06-15 22:32:08] picker_refresh total=999ms flash=814ms recycling=810ms minutes=968ms filters=45ms build=2ms items=8
[2026-06-15 22:32:08] salvage stopped: mouse moved
[2026-06-15 22:32:11] salvage stopped: confirm button not found
[2026-06-15 22:32:12] salvage stopped: confirm button not found
[2026-06-15 22:32:14] salvage stopped: confirm button not found
[2026-06-15 22:32:17] salvage stopped: confirm button not found
[2026-06-15 22:32:19] salvage stopped: confirm button not found
[2026-06-15 22:32:19] picker_refresh total=941ms flash=784ms recycling=884ms minutes=910ms filters=47ms build=2ms items=8
[2026-06-15 22:32:20] salvage stopped: confirm button not found
[2026-06-15 22:32:23] salvage stopped: confirm button not found
[2026-06-15 22:32:25] salvage stopped: confirm button not found
[2026-06-15 22:32:26] salvage stopped: confirm button not found
[2026-06-15 22:32:31] picker_refresh total=1992ms flash=1772ms recycling=1816ms minutes=1960ms filters=47ms build=2ms items=8
[2026-06-15 22:32:42] picker_refresh total=953ms flash=748ms recycling=759ms minutes=918ms filters=48ms build=2ms items=8
[2026-06-15 22:32:53] picker_refresh total=1037ms flash=786ms recycling=858ms minutes=1005ms filters=49ms build=2ms items=8
[2026-06-15 22:33:04] picker_refresh total=937ms flash=730ms recycling=724ms minutes=905ms filters=46ms build=2ms items=8
[2026-06-15 22:33:15] picker_refresh total=1104ms flash=683ms recycling=760ms minutes=1073ms filters=48ms build=2ms items=8
[2026-06-15 22:33:26] picker_refresh total=1096ms flash=1063ms recycling=1033ms minutes=1017ms filters=47ms build=2ms items=8
[2026-06-15 22:33:37] picker_refresh total=1066ms flash=772ms recycling=820ms minutes=1035ms filters=49ms build=2ms items=8
[2026-06-15 22:33:48] picker_refresh total=989ms flash=802ms recycling=824ms minutes=957ms filters=45ms build=2ms items=8
[2026-06-15 22:33:59] picker_refresh total=940ms flash=657ms recycling=749ms minutes=909ms filters=45ms build=2ms items=8
[2026-06-15 22:34:10] picker_refresh total=960ms flash=775ms recycling=835ms minutes=925ms filters=50ms build=2ms items=8
[2026-06-15 22:34:21] picker_refresh total=1043ms flash=762ms recycling=789ms minutes=1011ms filters=51ms build=2ms items=8
[2026-06-15 22:34:32] picker_refresh total=1055ms flash=764ms recycling=746ms minutes=1022ms filters=52ms build=3ms items=8
[2026-06-15 22:34:43] picker_refresh total=942ms flash=725ms recycling=746ms minutes=909ms filters=48ms build=2ms items=8
[2026-06-15 22:34:54] picker_refresh total=936ms flash=737ms recycling=720ms minutes=902ms filters=49ms build=2ms items=8
[2026-06-15 22:35:05] picker_refresh total=841ms flash=738ms recycling=737ms minutes=808ms filters=49ms build=2ms items=8
[2026-06-15 22:35:09] picker_refresh total=914ms flash=685ms recycling=703ms minutes=882ms filters=46ms build=2ms items=10
[2026-06-15 22:35:10] do_paste start: name='Вувузела' hwnd=48300972
[2026-06-15 22:35:10] do_paste: foreground=True
[2026-06-15 22:35:10] do_paste: click=True
[2026-06-15 22:35:10] do_paste: click + clear + ctrl+v + cursor restore + enter sent
[2026-06-15 22:35:10] picker_refresh total=882ms flash=685ms recycling=668ms minutes=849ms filters=0ms build=3ms items=10
[2026-06-15 22:35:12] picker_refresh total=928ms flash=677ms recycling=698ms minutes=895ms filters=46ms build=2ms items=10
[2026-06-15 22:35:12] do_paste start: name='Ётун' hwnd=48300972
[2026-06-15 22:35:12] do_paste: foreground=True
[2026-06-15 22:35:13] do_paste: click=True
[2026-06-15 22:35:13] do_paste: click + clear + ctrl+v + cursor restore + enter sent
[2026-06-15 22:35:13] picker_refresh total=966ms flash=716ms recycling=764ms minutes=935ms filters=0ms build=2ms items=10
[2026-06-15 22:35:14] do_paste start: name='Фотон' hwnd=48300972
[2026-06-15 22:35:14] do_paste: foreground=True
[2026-06-15 22:35:14] do_paste: click=True
[2026-06-15 22:35:14] do_paste: click + clear + ctrl+v + cursor restore + enter sent
[2026-06-15 22:35:14] do_paste start: name='Уткинатор' hwnd=48300972
[2026-06-15 22:35:14] do_paste: foreground=True
[2026-06-15 22:35:14] do_paste: click=True
[2026-06-15 22:35:14] do_paste: click + clear + ctrl+v + cursor restore + enter sent
[2026-06-15 22:35:14] picker_refresh total=905ms flash=698ms recycling=741ms minutes=873ms filters=46ms build=2ms items=10
[2026-06-15 22:35:15] picker_refresh total=873ms flash=703ms recycling=764ms minutes=842ms filters=0ms build=2ms items=10
[2026-06-15 22:35:16] do_paste start: name='Инквизитор' hwnd=48300972
[2026-06-15 22:35:16] do_paste: foreground=True
[2026-06-15 22:35:16] do_paste: click=True
[2026-06-15 22:35:16] do_paste: click + clear + ctrl+v + cursor restore + enter sent
[2026-06-15 22:35:16] do_paste start: name='Уткинатор' hwnd=48300972
[2026-06-15 22:35:16] do_paste: foreground=True
[2026-06-15 22:35:16] do_paste: click=True
[2026-06-15 22:35:16] do_paste: click + clear + ctrl+v + cursor restore + enter sent
[2026-06-15 22:35:16] do_paste start: name='Инквизитор' hwnd=48300972
[2026-06-15 22:35:16] do_paste: foreground=True
[2026-06-15 22:35:16] do_paste: click=True
[2026-06-15 22:35:16] do_paste: click + clear + ctrl+v + cursor restore + enter sent
[2026-06-15 22:35:16] do_paste start: name='Уткинатор' hwnd=48300972
[2026-06-15 22:35:16] do_paste: foreground=True
[2026-06-15 22:35:16] do_paste: click=True
[2026-06-15 22:35:17] do_paste: click + clear + ctrl+v + cursor restore + enter sent
[2026-06-15 22:35:27] picker_refresh total=867ms flash=650ms recycling=680ms minutes=834ms filters=46ms build=2ms items=10
[2026-06-15 22:35:30] salvage stopped: confirm button not found
[2026-06-15 22:35:31] salvage stopped: confirm button not found
[2026-06-15 22:35:32] salvage stopped: confirm button not found
[2026-06-15 22:35:38] picker_refresh total=1216ms flash=837ms recycling=888ms minutes=1184ms filters=46ms build=2ms items=10
[2026-06-15 22:35:49] picker_refresh total=1044ms flash=832ms recycling=824ms minutes=1012ms filters=47ms build=2ms items=10
[2026-06-15 22:35:50] do_paste start: name='Инквизитор' hwnd=48300972
[2026-06-15 22:35:50] do_paste: foreground=True
[2026-06-15 22:35:50] do_paste: click=True
[2026-06-15 22:35:50] do_paste: click + clear + ctrl+v + cursor restore + enter sent
[2026-06-15 22:35:50] do_paste start: name='Уткинатор' hwnd=48300972
[2026-06-15 22:35:50] do_paste: foreground=True
[2026-06-15 22:35:50] do_paste: click=True
[2026-06-15 22:35:50] do_paste: click + clear + ctrl+v + cursor restore + enter sent
[2026-06-15 22:36:00] picker_refresh total=1238ms flash=886ms recycling=761ms minutes=1206ms filters=46ms build=2ms items=10
[2026-06-15 22:36:09] do_paste start: name='Череп' hwnd=48300972
[2026-06-15 22:36:09] do_paste: foreground=True
[2026-06-15 22:36:09] do_paste: click=True
[2026-06-15 22:36:09] do_paste: click + clear + ctrl+v + cursor restore + enter sent
[2026-06-15 22:36:11] picker_refresh total=1075ms flash=872ms recycling=845ms minutes=1040ms filters=46ms build=2ms items=10
[2026-06-15 22:36:13] do_paste start: name='Уткинатор' hwnd=48300972
[2026-06-15 22:36:13] do_paste: foreground=True
[2026-06-15 22:36:13] do_paste: click=True
[2026-06-15 22:36:13] do_paste: click + clear + ctrl+v + cursor restore + enter sent
[2026-06-15 22:36:13] do_paste start: name='Инквизитор' hwnd=48300972
[2026-06-15 22:36:13] do_paste: foreground=True
[2026-06-15 22:36:13] do_paste: click=True
[2026-06-15 22:36:13] do_paste: click + clear + ctrl+v + cursor restore + enter sent
[2026-06-15 22:36:13] do_paste start: name='Уткинатор' hwnd=48300972
[2026-06-15 22:36:13] do_paste: foreground=True
[2026-06-15 22:36:13] do_paste: click=True
[2026-06-15 22:36:13] do_paste start: name='Фотон' hwnd=48300972
[2026-06-15 22:36:13] do_paste: foreground=True
[2026-06-15 22:36:13] do_paste: click + clear + ctrl+v + cursor restore + enter sent
[2026-06-15 22:36:13] do_paste: click=True
[2026-06-15 22:36:13] do_paste: click + clear + ctrl+v + cursor restore + enter sent
[2026-06-15 22:36:13] do_paste start: name='Ётун' hwnd=48300972
[2026-06-15 22:36:13] do_paste: foreground=True
[2026-06-15 22:36:13] do_paste: click=True
[2026-06-15 22:36:13] do_paste: click + clear + ctrl+v + cursor restore + enter sent
[2026-06-15 22:36:14] do_paste start: name='Вувузела' hwnd=48300972
[2026-06-15 22:36:14] do_paste: foreground=True
[2026-06-15 22:36:14] do_paste: click=True
[2026-06-15 22:36:14] do_paste: click + clear + ctrl+v + cursor restore + enter sent
[2026-06-15 22:36:14] do_paste start: name='Ётун' hwnd=48300972
[2026-06-15 22:36:14] do_paste: foreground=True
[2026-06-15 22:36:14] do_paste: click=True
[2026-06-15 22:36:14] do_paste: click + clear + ctrl+v + cursor restore + enter sent
[2026-06-15 22:36:15] do_paste start: name='Фотон' hwnd=48300972
[2026-06-15 22:36:15] do_paste: foreground=True
[2026-06-15 22:36:15] do_paste: click=True
[2026-06-15 22:36:15] do_paste: click + clear + ctrl+v + cursor restore + enter sent
[2026-06-15 22:36:15] do_paste start: name='Уткинатор' hwnd=48300972
[2026-06-15 22:36:15] do_paste: foreground=True
[2026-06-15 22:36:15] do_paste: click=True
[2026-06-15 22:36:16] do_paste: click + clear + ctrl+v + cursor restore + enter sent
[2026-06-15 22:36:16] do_paste start: name='Инквизитор' hwnd=48300972
[2026-06-15 22:36:16] do_paste: foreground=True
[2026-06-15 22:36:16] do_paste: click=True
[2026-06-15 22:36:16] do_paste: click + clear + ctrl+v + cursor restore + enter sent
[2026-06-15 22:36:16] do_paste start: name='Обратный отсчет' hwnd=48300972
[2026-06-15 22:36:16] do_paste: foreground=True
[2026-06-15 22:36:16] do_paste: click=True
[2026-06-15 22:36:16] do_paste: click + clear + ctrl+v + cursor restore + enter sent
[2026-06-15 22:36:22] picker_refresh total=1071ms flash=771ms recycling=836ms minutes=1039ms filters=47ms build=2ms items=10
[2026-06-15 22:36:33] picker_refresh total=959ms flash=809ms recycling=815ms minutes=927ms filters=51ms build=3ms items=10
[2026-06-15 22:36:44] picker_refresh total=1031ms flash=754ms recycling=763ms minutes=998ms filters=46ms build=2ms items=10
[2026-06-15 22:36:55] picker_refresh total=1024ms flash=817ms recycling=782ms minutes=990ms filters=46ms build=2ms items=10
[2026-06-15 22:37:07] picker_refresh total=1105ms flash=1073ms recycling=717ms minutes=1030ms filters=45ms build=2ms items=10
[2026-06-15 22:37:17] picker_refresh total=923ms flash=756ms recycling=743ms minutes=891ms filters=45ms build=2ms items=10
[2026-06-15 22:37:28] picker_refresh total=977ms flash=743ms recycling=737ms minutes=944ms filters=47ms build=2ms items=10
[2026-06-15 22:37:39] picker_refresh total=981ms flash=707ms recycling=729ms minutes=946ms filters=48ms build=3ms items=10
[2026-06-15 22:37:50] picker_refresh total=982ms flash=781ms recycling=798ms minutes=951ms filters=47ms build=2ms items=10
[2026-06-15 22:38:02] picker_refresh total=1733ms flash=1428ms recycling=1700ms minutes=1530ms filters=49ms build=3ms items=10
[2026-06-15 22:38:13] picker_refresh total=951ms flash=731ms recycling=787ms minutes=919ms filters=46ms build=2ms items=10
[2026-06-15 22:38:24] picker_refresh total=1049ms flash=1011ms recycling=762ms minutes=908ms filters=46ms build=2ms items=10
[2026-06-15 22:38:35] picker_refresh total=926ms flash=737ms recycling=743ms minutes=894ms filters=47ms build=2ms items=10
[2026-06-15 22:38:46] picker_refresh total=953ms flash=708ms recycling=756ms minutes=921ms filters=47ms build=2ms items=10
[2026-06-15 22:38:57] picker_refresh total=944ms flash=718ms recycling=750ms minutes=911ms filters=48ms build=2ms items=10
[2026-06-15 22:39:08] picker_refresh total=1007ms flash=721ms recycling=826ms minutes=973ms filters=52ms build=2ms items=10
[2026-06-15 22:39:19] picker_refresh total=1070ms flash=843ms recycling=822ms minutes=1037ms filters=46ms build=2ms items=10
[2026-06-15 22:39:30] picker_refresh total=1406ms flash=722ms recycling=950ms minutes=1373ms filters=46ms build=3ms items=10
[2026-06-15 22:39:42] picker_refresh total=1296ms flash=1057ms recycling=1025ms minutes=1264ms filters=50ms build=2ms items=10
[2026-06-15 22:39:53] picker_refresh total=1169ms flash=1135ms recycling=954ms minutes=1077ms filters=47ms build=2ms items=10
[2026-06-15 22:40:04] picker_refresh total=1211ms flash=970ms recycling=1007ms minutes=1179ms filters=45ms build=2ms items=10
[2026-06-15 22:40:10] picker_refresh total=1098ms flash=766ms recycling=859ms minutes=1066ms filters=47ms build=2ms items=9
[2026-06-15 22:40:11] do_paste start: name='Мириада' hwnd=48300972
[2026-06-15 22:40:11] do_paste: foreground=True
[2026-06-15 22:40:11] do_paste: click=True
[2026-06-15 22:40:11] do_paste: click + clear + ctrl+v + cursor restore + enter sent
[2026-06-15 22:40:12] picker_refresh total=1562ms flash=767ms recycling=790ms minutes=1530ms filters=0ms build=2ms items=9
[2026-06-15 22:40:14] picker_refresh total=1740ms flash=1540ms recycling=1474ms minutes=1706ms filters=48ms build=2ms items=9
[2026-06-15 22:40:19] picker_refresh total=3966ms flash=3669ms recycling=3722ms minutes=3934ms filters=46ms build=2ms items=9
[2026-06-15 22:40:23] picker_refresh total=4280ms flash=3684ms recycling=3723ms minutes=4248ms filters=46ms build=2ms items=9
[2026-06-15 22:40:27] picker_refresh total=3036ms flash=2696ms recycling=2848ms minutes=3004ms filters=46ms build=2ms items=9
[2026-06-15 22:40:37] do_paste start: name='Вувузела' hwnd=48300972
[2026-06-15 22:40:37] do_paste: foreground=True
[2026-06-15 22:40:37] do_paste: click=True
[2026-06-15 22:40:37] do_paste: click + clear + ctrl+v + cursor restore + enter sent
[2026-06-15 22:40:38] do_paste start: name='Циклон' hwnd=48300972
[2026-06-15 22:40:38] do_paste: foreground=True
[2026-06-15 22:40:38] do_paste: click=True
[2026-06-15 22:40:39] picker_refresh total=1238ms flash=767ms recycling=818ms minutes=1204ms filters=46ms build=2ms items=9
[2026-06-15 22:40:39] do_paste: click + clear + ctrl+v + cursor restore + enter sent
[2026-06-15 22:40:39] do_paste start: name='Инквизитор' hwnd=48300972
[2026-06-15 22:40:39] do_paste: foreground=True
[2026-06-15 22:40:39] do_paste: click=True
[2026-06-15 22:40:39] do_paste: click + clear + ctrl+v + cursor restore + enter sent
[2026-06-15 22:40:39] do_paste start: name='Стоп-сигнал' hwnd=48300972
[2026-06-15 22:40:39] do_paste: foreground=True
[2026-06-15 22:40:39] do_paste: click=True
[2026-06-15 22:40:39] do_paste: click + clear + ctrl+v + cursor restore + enter sent
[2026-06-15 22:40:45] do_paste start: name='Череп' hwnd=48300972
[2026-06-15 22:40:45] do_paste: foreground=True
[2026-06-15 22:40:45] do_paste: click=True
[2026-06-15 22:40:45] do_paste: click + clear + ctrl+v + cursor restore + enter sent
[2026-06-15 22:40:48] do_paste start: name='Стоп-сигнал' hwnd=48300972
[2026-06-15 22:40:48] do_paste: foreground=True
[2026-06-15 22:40:48] do_paste: click=True
[2026-06-15 22:40:49] do_paste: click + clear + ctrl+v + cursor restore + enter sent
[2026-06-15 22:40:49] picker_refresh total=972ms flash=673ms recycling=907ms minutes=940ms filters=48ms build=2ms items=9
[2026-06-15 22:41:01] picker_refresh total=1286ms flash=999ms recycling=1026ms minutes=1255ms filters=47ms build=2ms items=9
[2026-06-15 22:41:12] picker_refresh total=991ms flash=799ms recycling=746ms minutes=959ms filters=46ms build=2ms items=9
[2026-06-15 22:41:23] picker_refresh total=911ms flash=797ms recycling=823ms minutes=876ms filters=46ms build=2ms items=9
[2026-06-15 22:41:34] picker_refresh total=917ms flash=666ms recycling=762ms minutes=885ms filters=48ms build=2ms items=9
[2026-06-15 22:41:45] picker_refresh total=1602ms flash=1571ms recycling=686ms minutes=879ms filters=47ms build=2ms items=9
[2026-06-15 22:41:56] picker_refresh total=982ms flash=739ms recycling=726ms minutes=950ms filters=46ms build=2ms items=9
[2026-06-15 22:42:07] picker_refresh total=981ms flash=788ms recycling=758ms minutes=947ms filters=47ms build=2ms items=9
[2026-06-15 22:42:18] picker_refresh total=922ms flash=750ms recycling=770ms minutes=891ms filters=45ms build=2ms items=9
[2026-06-15 22:42:29] picker_refresh total=797ms flash=705ms recycling=657ms minutes=766ms filters=46ms build=2ms items=9
[2026-06-15 22:42:40] picker_refresh total=1253ms flash=935ms recycling=847ms minutes=1219ms filters=45ms build=4ms items=9
[2026-06-15 22:42:47] do_paste start: name='Инквизитор' hwnd=48300972
[2026-06-15 22:42:47] do_paste: foreground=True
[2026-06-15 22:42:47] do_paste: click=True
[2026-06-15 22:42:47] do_paste: click + clear + ctrl+v + cursor restore + enter sent
[2026-06-15 22:42:48] do_paste start: name='Стоп-сигнал' hwnd=48300972
[2026-06-15 22:42:48] do_paste: foreground=True
[2026-06-15 22:42:48] do_paste: click=True
[2026-06-15 22:42:48] do_paste: click + clear + ctrl+v + cursor restore + enter sent
[2026-06-15 22:42:51] picker_refresh total=989ms flash=662ms recycling=909ms minutes=956ms filters=45ms build=2ms items=9
[2026-06-15 22:43:02] picker_refresh total=926ms flash=767ms recycling=773ms minutes=894ms filters=46ms build=2ms items=9
[2026-06-15 22:43:13] picker_refresh total=1037ms flash=749ms recycling=803ms minutes=1004ms filters=47ms build=2ms items=9
[2026-06-15 22:43:24] picker_refresh total=1025ms flash=811ms recycling=841ms minutes=993ms filters=46ms build=2ms items=9
[2026-06-15 22:43:35] picker_refresh total=930ms flash=698ms recycling=692ms minutes=896ms filters=45ms build=2ms items=9
[2026-06-15 22:43:46] picker_refresh total=1005ms flash=745ms recycling=763ms minutes=974ms filters=47ms build=2ms items=9
[2026-06-15 22:43:57] picker_refresh total=920ms flash=735ms recycling=786ms minutes=888ms filters=45ms build=2ms items=9
[2026-06-15 22:44:08] picker_refresh total=945ms flash=745ms recycling=727ms minutes=914ms filters=46ms build=2ms items=9
[2026-06-15 22:44:19] picker_refresh total=1066ms flash=715ms recycling=775ms minutes=1032ms filters=46ms build=2ms items=9
[2026-06-15 22:44:30] picker_refresh total=1079ms flash=782ms recycling=801ms minutes=1047ms filters=45ms build=2ms items=9
[2026-06-15 22:44:41] picker_refresh total=963ms flash=760ms recycling=806ms minutes=933ms filters=47ms build=2ms items=9
[2026-06-15 22:44:52] picker_refresh total=963ms flash=789ms recycling=843ms minutes=930ms filters=45ms build=2ms items=9
[2026-06-15 22:45:04] picker_refresh total=1595ms flash=1562ms recycling=596ms minutes=1095ms filters=46ms build=2ms items=9
[2026-06-15 22:45:10] picker_refresh total=1042ms flash=934ms recycling=813ms minutes=1010ms filters=46ms build=2ms items=9
[2026-06-15 22:45:12] picker_refresh total=911ms flash=705ms recycling=744ms minutes=879ms filters=0ms build=2ms items=9
[2026-06-15 22:45:13] picker_refresh total=933ms flash=766ms recycling=834ms minutes=901ms filters=46ms build=3ms items=9
[2026-06-15 22:45:14] picker_refresh total=910ms flash=727ms recycling=772ms minutes=876ms filters=0ms build=2ms items=9
[2026-06-15 22:45:15] picker_refresh total=994ms flash=799ms recycling=904ms minutes=962ms filters=47ms build=3ms items=9
[2026-06-15 22:45:21] do_paste start: name='Инквизитор' hwnd=48300972
[2026-06-15 22:45:21] do_paste: foreground=True
[2026-06-15 22:45:22] do_paste: click=True
[2026-06-15 22:45:22] do_paste: click + clear + ctrl+v + cursor restore + enter sent
[2026-06-15 22:45:22] do_paste start: name='Стоп-сигнал' hwnd=48300972
[2026-06-15 22:45:22] do_paste: foreground=True
[2026-06-15 22:45:22] do_paste: click=True
[2026-06-15 22:45:22] do_paste: click + clear + ctrl+v + cursor restore + enter sent
[2026-06-15 22:45:24] do_paste start: name='Инквизитор' hwnd=48300972
[2026-06-15 22:45:24] do_paste: foreground=True
[2026-06-15 22:45:24] do_paste: click=True
[2026-06-15 22:45:24] do_paste: click + clear + ctrl+v + cursor restore + enter sent
[2026-06-15 22:45:24] do_paste start: name='Мириада' hwnd=48300972
[2026-06-15 22:45:24] do_paste: foreground=True
[2026-06-15 22:45:24] do_paste: click=True
[2026-06-15 22:45:24] do_paste: click + clear + ctrl+v + cursor restore + enter sent
[2026-06-15 22:45:25] do_paste start: name='Антикрыло' hwnd=48300972
[2026-06-15 22:45:25] do_paste: foreground=True
[2026-06-15 22:45:25] picker_refresh total=969ms flash=707ms recycling=755ms minutes=937ms filters=45ms build=2ms items=9
[2026-06-15 22:45:25] do_paste: click=True
[2026-06-15 22:45:25] do_paste: click + clear + ctrl+v + cursor restore + enter sent
[2026-06-15 22:45:25] do_paste start: name='Мириада' hwnd=48300972
[2026-06-15 22:45:25] do_paste: foreground=True
[2026-06-15 22:45:25] do_paste: click=True
[2026-06-15 22:45:25] do_paste: click + clear + ctrl+v + cursor restore + enter sent
[2026-06-15 22:45:33] do_paste start: name='Антикрыло' hwnd=48300972
[2026-06-15 22:45:33] do_paste: foreground=True
[2026-06-15 22:45:33] do_paste: click=True
[2026-06-15 22:45:33] do_paste: click + clear + ctrl+v + cursor restore + enter sent
[2026-06-15 22:45:33] do_paste start: name='Обратный отсчет' hwnd=48300972
[2026-06-15 22:45:33] do_paste: foreground=True
[2026-06-15 22:45:33] do_paste: click=True
[2026-06-15 22:45:34] do_paste: click + clear + ctrl+v + cursor restore + enter sent
[2026-06-15 22:45:34] do_paste start: name='Мириада' hwnd=48300972
[2026-06-15 22:45:34] do_paste: foreground=True
[2026-06-15 22:45:34] do_paste: click=True
[2026-06-15 22:45:34] do_paste: click + clear + ctrl+v + cursor restore + enter sent
[2026-06-15 22:45:34] do_paste start: name='Антикрыло' hwnd=48300972
[2026-06-15 22:45:34] do_paste: foreground=True
[2026-06-15 22:45:34] do_paste: click=True
[2026-06-15 22:45:34] do_paste start: name='Обратный отсчет' hwnd=48300972
[2026-06-15 22:45:34] do_paste: foreground=True
[2026-06-15 22:45:34] do_paste: click + clear + ctrl+v + cursor restore + enter sent
[2026-06-15 22:45:34] do_paste: click=True
[2026-06-15 22:45:34] do_paste start: name='Зеркало вездехода левое' hwnd=48300972
[2026-06-15 22:45:34] do_paste: foreground=True
[2026-06-15 22:45:34] do_paste: click + clear + ctrl+v + cursor restore + enter sent
[2026-06-15 22:45:34] do_paste: click=True
[2026-06-15 22:45:34] do_paste start: name='Череп' hwnd=48300972
[2026-06-15 22:45:34] do_paste: foreground=True
[2026-06-15 22:45:34] do_paste: click + clear + ctrl+v + cursor restore + enter sent
[2026-06-15 22:45:34] do_paste: click=True
[2026-06-15 22:45:34] do_paste: click + clear + ctrl+v + cursor restore + enter sent
[2026-06-15 22:45:34] do_paste start: name='Стоп-сигнал' hwnd=48300972
[2026-06-15 22:45:34] do_paste: foreground=True
[2026-06-15 22:45:34] do_paste: click=True
[2026-06-15 22:45:35] do_paste: click + clear + ctrl+v + cursor restore + enter sent
[2026-06-15 22:45:35] do_paste start: name='Череп' hwnd=48300972
[2026-06-15 22:45:35] do_paste: foreground=True
[2026-06-15 22:45:35] do_paste: click=True
[2026-06-15 22:45:35] do_paste: click + clear + ctrl+v + cursor restore + enter sent
[2026-06-15 22:45:35] do_paste start: name='Зеркало вездехода левое' hwnd=48300972
[2026-06-15 22:45:35] do_paste: foreground=True
[2026-06-15 22:45:35] do_paste: click=True
[2026-06-15 22:45:35] do_paste: click + clear + ctrl+v + cursor restore + enter sent
[2026-06-15 22:45:36] picker_refresh total=908ms flash=718ms recycling=752ms minutes=876ms filters=45ms build=2ms items=9
[2026-06-15 22:45:36] do_paste start: name='Обратный отсчет' hwnd=48300972
[2026-06-15 22:45:36] do_paste: foreground=True
[2026-06-15 22:45:36] do_paste: click=True
[2026-06-15 22:45:36] do_paste: click + clear + ctrl+v + cursor restore + enter sent
[2026-06-15 22:45:36] do_paste start: name='Антикрыло' hwnd=48300972
[2026-06-15 22:45:36] do_paste: foreground=True
[2026-06-15 22:45:36] do_paste: click=True
[2026-06-15 22:45:36] do_paste: click + clear + ctrl+v + cursor restore + enter sent
[2026-06-15 22:45:36] do_paste start: name='Мириада' hwnd=48300972
[2026-06-15 22:45:36] do_paste: foreground=True
[2026-06-15 22:45:36] do_paste: click=True
[2026-06-15 22:45:36] do_paste start: name='Вувузела' hwnd=48300972
[2026-06-15 22:45:36] do_paste: foreground=True
[2026-06-15 22:45:36] do_paste: click=True
[2026-06-15 22:45:36] do_paste: click + clear + ctrl+v + cursor restore + enter sent
[2026-06-15 22:45:36] do_paste: click + clear + ctrl+v + cursor restore + enter sent
[2026-06-15 22:45:36] do_paste start: name='Мириада' hwnd=48300972
[2026-06-15 22:45:36] do_paste: foreground=True
[2026-06-15 22:45:36] do_paste: click=True
[2026-06-15 22:45:37] do_paste: click + clear + ctrl+v + cursor restore + enter sent
[2026-06-15 22:45:37] do_paste start: name='Антикрыло' hwnd=48300972
[2026-06-15 22:45:37] do_paste: foreground=True
[2026-06-15 22:45:37] do_paste: click=True
[2026-06-15 22:45:37] do_paste start: name='Обратный отсчет' hwnd=48300972
[2026-06-15 22:45:37] do_paste: foreground=True
[2026-06-15 22:45:37] do_paste start: name='Зеркало вездехода левое' hwnd=48300972
[2026-06-15 22:45:37] do_paste: foreground=True
[2026-06-15 22:45:37] do_paste: click=True
[2026-06-15 22:45:37] do_paste: click + clear + ctrl+v + cursor restore + enter sent
[2026-06-15 22:45:37] do_paste: click + clear + ctrl+v + cursor restore + enter sent
[2026-06-15 22:45:37] do_paste: click + clear + ctrl+v + cursor restore + enter sent
[2026-06-15 22:45:37] do_paste start: name='Череп' hwnd=48300972
[2026-06-15 22:45:37] do_paste: foreground=True
[2026-06-15 22:45:37] do_paste: click=True
[2026-06-15 22:45:38] do_paste: click + clear + ctrl+v + cursor restore + enter sent
[2026-06-15 22:45:38] do_paste start: name='Стоп-сигнал' hwnd=48300972
[2026-06-15 22:45:38] do_paste: foreground=True
[2026-06-15 22:45:38] do_paste: click=True
[2026-06-15 22:45:38] do_paste: click + clear + ctrl+v + cursor restore + enter sent
[2026-06-15 22:45:39] do_paste start: name='Инквизитор' hwnd=48300972
[2026-06-15 22:45:39] do_paste: foreground=True
[2026-06-15 22:45:39] do_paste: click=True
[2026-06-15 22:45:39] do_paste: click + clear + ctrl+v + cursor restore + enter sent
[2026-06-15 22:45:39] do_paste start: name='Мириада' hwnd=48300972
[2026-06-15 22:45:39] do_paste: foreground=True
[2026-06-15 22:45:39] do_paste: click=True
[2026-06-15 22:45:40] do_paste: click + clear + ctrl+v + cursor restore + enter sent
[2026-06-15 22:45:40] do_paste start: name='Антикрыло' hwnd=48300972
[2026-06-15 22:45:40] do_paste: foreground=True
[2026-06-15 22:45:40] do_paste: click=True
[2026-06-15 22:45:40] do_paste: click + clear + ctrl+v + cursor restore + enter sent
[2026-06-15 22:45:40] do_paste start: name='Мириада' hwnd=48300972
[2026-06-15 22:45:40] do_paste: foreground=True
[2026-06-15 22:45:40] do_paste: click=True
[2026-06-15 22:45:40] do_paste: click + clear + ctrl+v + cursor restore + enter sent
[2026-06-15 22:45:40] do_paste start: name='Антикрыло' hwnd=48300972
[2026-06-15 22:45:40] do_paste: foreground=True
[2026-06-15 22:45:40] do_paste: click=True
[2026-06-15 22:45:40] do_paste: click + clear + ctrl+v + cursor restore + enter sent
[2026-06-15 22:45:41] do_paste start: name='Обратный отсчет' hwnd=48300972
[2026-06-15 22:45:41] do_paste: foreground=True
[2026-06-15 22:45:41] do_paste: click=True
[2026-06-15 22:45:41] do_paste: click + clear + ctrl+v + cursor restore + enter sent
[2026-06-15 22:45:41] do_paste start: name='Мириада' hwnd=48300972
[2026-06-15 22:45:41] do_paste: foreground=True
[2026-06-15 22:45:41] do_paste: click=True
[2026-06-15 22:45:41] do_paste: click + clear + ctrl+v + cursor restore + enter sent
[2026-06-15 22:45:42] do_paste start: name='Вувузела' hwnd=48300972
[2026-06-15 22:45:42] do_paste: foreground=True
[2026-06-15 22:45:42] do_paste: click=True
[2026-06-15 22:45:42] do_paste: click + clear + ctrl+v + cursor restore + enter sent
[2026-06-15 22:45:42] do_paste start: name='Циклон' hwnd=48300972
[2026-06-15 22:45:42] do_paste: foreground=True
[2026-06-15 22:45:42] do_paste: click=True
[2026-06-15 22:45:43] do_paste: click + clear + ctrl+v + cursor restore + enter sent
[2026-06-15 22:45:43] do_paste start: name='Инквизитор' hwnd=48300972
[2026-06-15 22:45:43] do_paste: foreground=True
[2026-06-15 22:45:43] do_paste: click=True
[2026-06-15 22:45:43] do_paste start: name='Стоп-сигнал' hwnd=48300972
[2026-06-15 22:45:43] do_paste: foreground=True
[2026-06-15 22:45:43] do_paste: click + clear + ctrl+v + cursor restore + enter sent
[2026-06-15 22:45:43] do_paste: click=True
[2026-06-15 22:45:43] do_paste: click + clear + ctrl+v + cursor restore + enter sent
[2026-06-15 22:45:43] do_paste start: name='Череп' hwnd=48300972
[2026-06-15 22:45:43] do_paste: foreground=True
[2026-06-15 22:45:43] do_paste: click=True
[2026-06-15 22:45:43] do_paste: click + clear + ctrl+v + cursor restore + enter sent
[2026-06-15 22:45:43] do_paste start: name='Стоп-сигнал' hwnd=48300972
[2026-06-15 22:45:43] do_paste: foreground=True
[2026-06-15 22:45:43] do_paste: click=True
[2026-06-15 22:45:43] do_paste: click + clear + ctrl+v + cursor restore + enter sent
[2026-06-15 22:45:47] picker_refresh total=1209ms flash=1177ms recycling=1046ms minutes=1171ms filters=46ms build=3ms items=9
[2026-06-15 22:45:51] do_paste start: name='Череп' hwnd=48300972
[2026-06-15 22:45:51] do_paste: foreground=True
[2026-06-15 22:45:51] do_paste: click=True
[2026-06-15 22:45:51] do_paste: click + clear + ctrl+v + cursor restore + enter sent
[2026-06-15 22:45:51] do_paste start: name='Стоп-сигнал' hwnd=48300972
[2026-06-15 22:45:51] do_paste: foreground=True
[2026-06-15 22:45:51] do_paste: click=True
[2026-06-15 22:45:51] do_paste: click + clear + ctrl+v + cursor restore + enter sent
[2026-06-15 22:45:58] picker_refresh total=820ms flash=783ms recycling=788ms minutes=775ms filters=49ms build=3ms items=9
[2026-06-15 22:46:09] picker_refresh total=994ms flash=791ms recycling=874ms minutes=962ms filters=46ms build=2ms items=9
[2026-06-15 22:46:20] picker_refresh total=956ms flash=784ms recycling=794ms minutes=925ms filters=46ms build=2ms items=9
[2026-06-15 22:46:33] do_paste start: name='Череп' hwnd=48300972
[2026-06-15 22:46:33] do_paste: foreground=True
[2026-06-15 22:46:33] do_paste: click=True
[2026-06-15 22:46:33] do_paste: click + clear + ctrl+v + cursor restore + enter sent
[2026-06-15 22:46:33] do_paste start: name='Стоп-сигнал' hwnd=48300972
[2026-06-15 22:46:33] do_paste: foreground=True
[2026-06-15 22:46:33] do_paste: click=True
[2026-06-15 22:46:33] do_paste: click + clear + ctrl+v + cursor restore + enter sent
[2026-06-15 22:46:33] picker_refresh total=3601ms flash=3338ms recycling=3415ms minutes=3569ms filters=47ms build=2ms items=9
[2026-06-15 22:46:38] do_paste start: name='Череп' hwnd=48300972
[2026-06-15 22:46:38] do_paste: foreground=True
[2026-06-15 22:46:38] do_paste: click=True
[2026-06-15 22:46:38] do_paste: click + clear + ctrl+v + cursor restore + enter sent
[2026-06-15 22:46:44] picker_refresh total=1279ms flash=1132ms recycling=1158ms minutes=1247ms filters=47ms build=2ms items=9
[2026-06-15 22:46:45] do_paste start: name='Стоп-сигнал' hwnd=48300972
[2026-06-15 22:46:45] do_paste: foreground=True
[2026-06-15 22:46:45] do_paste: click=True
[2026-06-15 22:46:45] do_paste: click + clear + ctrl+v + cursor restore + enter sent
[2026-06-15 22:46:45] do_paste start: name='Инквизитор' hwnd=48300972
[2026-06-15 22:46:45] do_paste: foreground=True
[2026-06-15 22:46:45] do_paste: click=True
[2026-06-15 22:46:45] do_paste: click + clear + ctrl+v + cursor restore + enter sent
[2026-06-15 22:46:45] do_paste start: name='Циклон' hwnd=48300972
[2026-06-15 22:46:45] do_paste: foreground=True
[2026-06-15 22:46:45] do_paste: click=True
[2026-06-15 22:46:46] do_paste: click + clear + ctrl+v + cursor restore + enter sent
[2026-06-15 22:46:55] picker_refresh total=777ms flash=631ms recycling=681ms minutes=745ms filters=48ms build=2ms items=9
[2026-06-15 22:47:06] picker_refresh total=763ms flash=617ms recycling=606ms minutes=732ms filters=55ms build=2ms items=9
[2026-06-15 22:47:17] picker_refresh total=790ms flash=617ms recycling=646ms minutes=758ms filters=48ms build=3ms items=9
[2026-06-15 22:47:28] picker_refresh total=771ms flash=643ms recycling=699ms minutes=739ms filters=45ms build=2ms items=9
[2026-06-15 22:47:38] picker_refresh total=733ms flash=536ms recycling=602ms minutes=702ms filters=47ms build=2ms items=9
[2026-06-15 22:47:49] picker_refresh total=886ms flash=689ms recycling=698ms minutes=852ms filters=47ms build=2ms items=9
[2026-06-15 22:48:00] picker_refresh total=1018ms flash=859ms recycling=838ms minutes=986ms filters=50ms build=3ms items=9
[2026-06-15 22:48:11] picker_refresh total=761ms flash=597ms recycling=608ms minutes=729ms filters=46ms build=2ms items=9
[2026-06-15 22:48:22] picker_refresh total=688ms flash=508ms recycling=572ms minutes=657ms filters=46ms build=3ms items=9
[2026-06-15 22:48:33] picker_refresh total=1138ms flash=954ms recycling=965ms minutes=1107ms filters=45ms build=2ms items=9
[2026-06-15 22:48:44] picker_refresh total=837ms flash=643ms recycling=681ms minutes=805ms filters=47ms build=2ms items=9
[2026-06-15 22:48:54] picker_refresh total=796ms flash=558ms recycling=665ms minutes=765ms filters=47ms build=2ms items=9
[2026-06-15 22:49:05] picker_refresh total=702ms flash=619ms recycling=623ms minutes=669ms filters=50ms build=2ms items=9
[2026-06-15 22:49:16] picker_refresh total=893ms flash=659ms recycling=730ms minutes=862ms filters=46ms build=2ms items=9
[2026-06-15 22:49:27] picker_refresh total=1177ms flash=625ms recycling=670ms minutes=1146ms filters=49ms build=2ms items=9
[2026-06-15 22:49:38] picker_refresh total=762ms flash=563ms recycling=597ms minutes=729ms filters=45ms build=2ms items=9
[2026-06-15 22:49:49] picker_refresh total=713ms flash=526ms recycling=591ms minutes=681ms filters=46ms build=3ms items=9
[2026-06-15 22:49:59] picker_refresh total=735ms flash=560ms recycling=639ms minutes=704ms filters=48ms build=2ms items=9
[2026-06-15 22:50:10] picker_refresh total=1024ms flash=640ms recycling=690ms minutes=993ms filters=47ms build=2ms items=14
[2026-06-15 22:50:11] do_paste start: name='Циклон' hwnd=48300972
[2026-06-15 22:50:11] do_paste: foreground=True
[2026-06-15 22:50:11] do_paste: click=True
[2026-06-15 22:50:11] do_paste: click + clear + ctrl+v + cursor restore + enter sent
[2026-06-15 22:50:12] picker_refresh total=1058ms flash=647ms recycling=656ms minutes=1026ms filters=0ms build=2ms items=14
[2026-06-15 22:50:13] picker_refresh total=880ms flash=663ms recycling=695ms minutes=848ms filters=47ms build=2ms items=14
[2026-06-15 22:50:13] do_paste start: name='Тритон' hwnd=48300972
[2026-06-15 22:50:13] do_paste: foreground=True
[2026-06-15 22:50:13] do_paste: click=True
[2026-06-15 22:50:14] do_paste: click + clear + ctrl+v + cursor restore + enter sent
[2026-06-15 22:50:14] picker_refresh total=901ms flash=743ms recycling=752ms minutes=869ms filters=0ms build=2ms items=14
[2026-06-15 22:50:15] picker_refresh total=696ms flash=609ms recycling=629ms minutes=664ms filters=45ms build=2ms items=14
[2026-06-15 22:50:17] do_paste start: name='Циклон' hwnd=48300972
[2026-06-15 22:50:17] do_paste: foreground=True
[2026-06-15 22:50:17] do_paste: click=True
[2026-06-15 22:50:17] do_paste: click + clear + ctrl+v + cursor restore + enter sent
[2026-06-15 22:50:17] do_paste start: name='Затворник (пов.)' hwnd=48300972
[2026-06-15 22:50:17] do_paste: foreground=True
[2026-06-15 22:50:17] do_paste: click=True
[2026-06-15 22:50:17] do_paste: click + clear + ctrl+v + cursor restore + enter sent
[2026-06-15 22:50:17] do_paste start: name='Инквизитор' hwnd=48300972
[2026-06-15 22:50:17] do_paste: foreground=True
[2026-06-15 22:50:17] do_paste: click=True
[2026-06-15 22:50:17] do_paste start: name='Глазница' hwnd=48300972
[2026-06-15 22:50:17] do_paste: foreground=True
[2026-06-15 22:50:17] do_paste: click + clear + ctrl+v + cursor restore + enter sent
[2026-06-15 22:50:17] do_paste: click=True
[2026-06-15 22:50:17] do_paste: click + clear + ctrl+v + cursor restore + enter sent
[2026-06-15 22:50:17] do_paste start: name='Бешеный выхлоп' hwnd=48300972
[2026-06-15 22:50:17] do_paste: foreground=True
[2026-06-15 22:50:17] do_paste: click=True
[2026-06-15 22:50:17] do_paste: click + clear + ctrl+v + cursor restore + enter sent
[2026-06-15 22:50:18] do_paste start: name='Глазница' hwnd=48300972
[2026-06-15 22:50:18] do_paste: foreground=True
[2026-06-15 22:50:18] do_paste: click=True
[2026-06-15 22:50:18] do_paste: click + clear + ctrl+v + cursor restore + enter sent
[2026-06-15 22:50:20] picker_refresh total=688ms flash=573ms recycling=589ms minutes=655ms filters=46ms build=3ms items=14
[2026-06-15 22:50:28] do_paste start: name='Бешеный выхлоп' hwnd=48300972
[2026-06-15 22:50:28] do_paste: foreground=True
[2026-06-15 22:50:28] do_paste: click=True
[2026-06-15 22:50:28] do_paste: click + clear + ctrl+v + cursor restore + enter sent
[2026-06-15 22:50:31] picker_refresh total=1098ms flash=861ms recycling=902ms minutes=1066ms filters=46ms build=2ms items=14
[2026-06-15 22:50:33] do_paste start: name='Череп' hwnd=48300972
[2026-06-15 22:50:33] do_paste: foreground=True
[2026-06-15 22:50:33] do_paste: click=True
[2026-06-15 22:50:33] do_paste: click + clear + ctrl+v + cursor restore + enter sent
[2026-06-15 22:50:42] do_paste start: name='Мигалка скорой' hwnd=48300972
[2026-06-15 22:50:42] do_paste: foreground=True
[2026-06-15 22:50:42] do_paste: click=True
[2026-06-15 22:50:42] do_paste: click + clear + ctrl+v + cursor restore + enter sent
[2026-06-15 22:50:42] do_paste start: name='Катушка Атипуса' hwnd=48300972
[2026-06-15 22:50:42] do_paste: foreground=True
[2026-06-15 22:50:42] picker_refresh total=962ms flash=835ms recycling=850ms minutes=930ms filters=47ms build=2ms items=14
[2026-06-15 22:50:42] do_paste: click=True
[2026-06-15 22:50:42] do_paste: click + clear + ctrl+v + cursor restore + enter sent
[2026-06-15 22:50:42] do_paste start: name='Обратный отсчет' hwnd=48300972
[2026-06-15 22:50:42] do_paste: foreground=True
[2026-06-15 22:50:43] do_paste: click=True
[2026-06-15 22:50:43] do_paste: click + clear + ctrl+v + cursor restore + enter sent
[2026-06-15 22:50:43] do_paste start: name='Катушка Атипуса' hwnd=48300972
[2026-06-15 22:50:43] do_paste: foreground=True
[2026-06-15 22:50:43] do_paste: click=True
[2026-06-15 22:50:43] do_paste: click + clear + ctrl+v + cursor restore + enter sent
[2026-06-15 22:50:45] do_paste start: name='Обратный отсчет' hwnd=48300972
[2026-06-15 22:50:45] do_paste: foreground=True
[2026-06-15 22:50:45] do_paste: click=True
[2026-06-15 22:50:45] do_paste: click + clear + ctrl+v + cursor restore + enter sent
[2026-06-15 22:50:45] do_paste start: name='Зеркало вездехода левое' hwnd=48300972
[2026-06-15 22:50:45] do_paste: foreground=True
[2026-06-15 22:50:45] do_paste: click=True
[2026-06-15 22:50:45] do_paste: click + clear + ctrl+v + cursor restore + enter sent
[2026-06-15 22:50:45] do_paste start: name='Обратный отсчет' hwnd=48300972
[2026-06-15 22:50:45] do_paste: foreground=True
[2026-06-15 22:50:45] do_paste: click=True
[2026-06-15 22:50:45] do_paste: click + clear + ctrl+v + cursor restore + enter sent
[2026-06-15 22:50:46] do_paste start: name='Катушка Атипуса' hwnd=48300972
[2026-06-15 22:50:46] do_paste: foreground=True
[2026-06-15 22:50:46] do_paste: click=True
[2026-06-15 22:50:46] do_paste: click + clear + ctrl+v + cursor restore + enter sent
[2026-06-15 22:50:46] do_paste start: name='Мигалка скорой' hwnd=48300972
[2026-06-15 22:50:46] do_paste: foreground=True
[2026-06-15 22:50:46] do_paste: click=True
[2026-06-15 22:50:46] do_paste: click + clear + ctrl+v + cursor restore + enter sent
[2026-06-15 22:50:46] do_paste start: name='Череп' hwnd=48300972
[2026-06-15 22:50:46] do_paste: foreground=True
[2026-06-15 22:50:46] do_paste: click=True
[2026-06-15 22:50:46] do_paste: click + clear + ctrl+v + cursor restore + enter sent
[2026-06-15 22:50:47] do_paste start: name='Бешеный выхлоп' hwnd=48300972
[2026-06-15 22:50:47] do_paste: foreground=True
[2026-06-15 22:50:47] do_paste: click=True
[2026-06-15 22:50:47] do_paste: click + clear + ctrl+v + cursor restore + enter sent
[2026-06-15 22:50:47] do_paste start: name='Глазница' hwnd=48300972
[2026-06-15 22:50:47] do_paste: foreground=True
[2026-06-15 22:50:47] do_paste: click=True
[2026-06-15 22:50:47] do_paste: click + clear + ctrl+v + cursor restore + enter sent
[2026-06-15 22:50:53] picker_refresh total=691ms flash=555ms recycling=546ms minutes=660ms filters=46ms build=2ms items=14
[2026-06-15 22:51:04] picker_refresh total=758ms flash=546ms recycling=581ms minutes=726ms filters=46ms build=3ms items=14
[2026-06-15 22:51:14] picker_refresh total=646ms flash=494ms recycling=558ms minutes=615ms filters=46ms build=2ms items=14
[2026-06-15 22:51:25] picker_refresh total=1007ms flash=860ms recycling=975ms minutes=824ms filters=45ms build=2ms items=14
[2026-06-15 22:51:36] picker_refresh total=888ms flash=675ms recycling=744ms minutes=856ms filters=48ms build=2ms items=14
[2026-06-15 22:51:47] picker_refresh total=970ms flash=736ms recycling=808ms minutes=937ms filters=47ms build=2ms items=14
[2026-06-15 22:51:58] picker_refresh total=825ms flash=662ms recycling=682ms minutes=793ms filters=46ms build=2ms items=14
[2026-06-15 22:52:09] picker_refresh total=825ms flash=662ms recycling=729ms minutes=794ms filters=46ms build=2ms items=14
[2026-06-15 22:52:20] picker_refresh total=896ms flash=729ms recycling=686ms minutes=865ms filters=47ms build=2ms items=14
[2026-06-15 22:52:28] do_paste start: name='Бешеный выхлоп' hwnd=48300972
[2026-06-15 22:52:28] do_paste: foreground=True
[2026-06-15 22:52:29] do_paste: click=True
[2026-06-15 22:52:29] do_paste: click + clear + ctrl+v + cursor restore + enter sent
[2026-06-15 22:52:29] do_paste start: name='Череп' hwnd=48300972
[2026-06-15 22:52:29] do_paste: foreground=True
[2026-06-15 22:52:29] do_paste: click=True
[2026-06-15 22:52:29] do_paste: click + clear + ctrl+v + cursor restore + enter sent
[2026-06-15 22:52:29] do_paste start: name='Бешеный выхлоп' hwnd=48300972
[2026-06-15 22:52:29] do_paste: foreground=True
[2026-06-15 22:52:29] do_paste: click=True
[2026-06-15 22:52:29] do_paste: click + clear + ctrl+v + cursor restore + enter sent
[2026-06-15 22:52:30] do_paste start: name='Глазница' hwnd=48300972
[2026-06-15 22:52:30] do_paste: foreground=True
[2026-06-15 22:52:30] do_paste: click=True
[2026-06-15 22:52:30] do_paste start: name='Инквизитор' hwnd=48300972
[2026-06-15 22:52:30] do_paste: foreground=True
[2026-06-15 22:52:30] do_paste: click + clear + ctrl+v + cursor restore + enter sent
[2026-06-15 22:52:30] do_paste: click=True
[2026-06-15 22:52:30] do_paste: click + clear + ctrl+v + cursor restore + enter sent
[2026-06-15 22:52:30] do_paste start: name='Затворник (пов.)' hwnd=48300972
[2026-06-15 22:52:30] do_paste: foreground=True
[2026-06-15 22:52:30] do_paste: click=True
[2026-06-15 22:52:30] do_paste: click + clear + ctrl+v + cursor restore + enter sent
[2026-06-15 22:52:30] do_paste start: name='Инквизитор' hwnd=48300972
[2026-06-15 22:52:30] do_paste: foreground=True
[2026-06-15 22:52:30] do_paste: click=True
[2026-06-15 22:52:30] do_paste: click + clear + ctrl+v + cursor restore + enter sent
[2026-06-15 22:52:31] picker_refresh total=971ms flash=754ms recycling=756ms minutes=935ms filters=49ms build=2ms items=14
[2026-06-15 22:52:40] do_paste start: name='Глазница' hwnd=48300972
[2026-06-15 22:52:40] do_paste: foreground=True
[2026-06-15 22:52:40] do_paste: click=True
[2026-06-15 22:52:40] do_paste: click + clear + ctrl+v + cursor restore + enter sent
[2026-06-15 22:52:40] do_paste start: name='Инквизитор' hwnd=48300972
[2026-06-15 22:52:40] do_paste: foreground=True
[2026-06-15 22:52:40] do_paste: click=True
[2026-06-15 22:52:40] do_paste: click + clear + ctrl+v + cursor restore + enter sent
[2026-06-15 22:52:42] picker_refresh total=1024ms flash=678ms recycling=694ms minutes=992ms filters=46ms build=2ms items=14
[2026-06-15 22:52:53] picker_refresh total=835ms flash=683ms recycling=721ms minutes=804ms filters=45ms build=2ms items=14
[2026-06-15 22:53:04] picker_refresh total=860ms flash=743ms recycling=828ms minutes=806ms filters=45ms build=2ms items=14
[2026-06-15 22:53:15] picker_refresh total=913ms flash=789ms recycling=744ms minutes=879ms filters=45ms build=2ms items=14
[2026-06-15 22:53:25] picker_refresh total=796ms flash=675ms recycling=676ms minutes=765ms filters=47ms build=2ms items=14
[2026-06-15 22:53:36] picker_refresh total=857ms flash=651ms recycling=684ms minutes=826ms filters=50ms build=2ms items=14
[2026-06-15 22:53:47] picker_refresh total=751ms flash=545ms recycling=581ms minutes=720ms filters=45ms build=2ms items=14
[2026-06-15 22:53:58] picker_refresh total=666ms flash=556ms recycling=545ms minutes=633ms filters=49ms build=2ms items=14
[2026-06-15 22:53:59] do_paste start: name='Глазница' hwnd=48300972
[2026-06-15 22:53:59] do_paste: foreground=True
[2026-06-15 22:53:59] do_paste: click=True
[2026-06-15 22:54:00] do_paste: click + clear + ctrl+v + cursor restore + enter sent
[2026-06-15 22:54:00] do_paste start: name='Бешеный выхлоп' hwnd=48300972
[2026-06-15 22:54:00] do_paste: foreground=True
[2026-06-15 22:54:00] do_paste: click=True
[2026-06-15 22:54:00] do_paste: click + clear + ctrl+v + cursor restore + enter sent
[2026-06-15 22:54:00] do_paste start: name='Глазница' hwnd=48300972
[2026-06-15 22:54:00] do_paste: foreground=True
[2026-06-15 22:54:00] do_paste: click=True
[2026-06-15 22:54:00] do_paste: click + clear + ctrl+v + cursor restore + enter sent
[2026-06-15 22:54:05] salvage stopped: confirm button not found
[2026-06-15 22:54:06] salvage stopped: confirm button not found
[2026-06-15 22:54:08] picker_refresh total=710ms flash=589ms recycling=626ms minutes=679ms filters=45ms build=2ms items=14
[2026-06-15 22:54:19] picker_refresh total=716ms flash=601ms recycling=633ms minutes=684ms filters=45ms build=2ms items=14
[2026-06-15 22:54:30] picker_refresh total=685ms flash=637ms recycling=613ms minutes=653ms filters=45ms build=2ms items=14
[2026-06-15 22:54:40] picker_refresh total=680ms flash=647ms recycling=534ms minutes=647ms filters=46ms build=2ms items=14
[2026-06-15 22:54:51] picker_refresh total=781ms flash=577ms recycling=613ms minutes=750ms filters=46ms build=2ms items=14
[2026-06-15 22:55:02] picker_refresh total=1062ms flash=1032ms recycling=767ms minutes=812ms filters=48ms build=2ms items=14
[2026-06-15 22:55:09] picker_refresh total=789ms flash=584ms recycling=619ms minutes=758ms filters=46ms build=2ms items=10
[2026-06-15 22:55:10] picker_refresh total=671ms flash=589ms recycling=604ms minutes=638ms filters=0ms build=2ms items=10
[2026-06-15 22:55:11] picker_refresh total=707ms flash=596ms recycling=618ms minutes=675ms filters=45ms build=2ms items=10
[2026-06-15 22:55:11] do_paste start: name='Обратный отсчет' hwnd=48300972
[2026-06-15 22:55:11] do_paste: foreground=True
[2026-06-15 22:55:11] do_paste: click=True
[2026-06-15 22:55:11] do_paste: click + clear + ctrl+v + cursor restore + enter sent
[2026-06-15 22:55:12] do_paste start: name='Череп' hwnd=48300972
[2026-06-15 22:55:12] do_paste: foreground=True
[2026-06-15 22:55:12] do_paste: click=True
[2026-06-15 22:55:12] do_paste: click + clear + ctrl+v + cursor restore + enter sent
[2026-06-15 22:55:12] picker_refresh total=1109ms flash=945ms recycling=918ms minutes=1077ms filters=0ms build=2ms items=10
[2026-06-15 22:55:16] picker_refresh total=2961ms flash=2930ms recycling=2737ms minutes=2772ms filters=46ms build=2ms items=10
[2026-06-15 22:55:26] picker_refresh total=4103ms flash=3953ms recycling=3933ms minutes=4070ms filters=46ms build=2ms items=10
[2026-06-15 22:55:37] picker_refresh total=730ms flash=642ms recycling=659ms minutes=699ms filters=45ms build=2ms items=10
[2026-06-15 22:55:48] picker_refresh total=839ms flash=485ms recycling=483ms minutes=807ms filters=46ms build=2ms items=10
[2026-06-15 22:55:59] picker_refresh total=721ms flash=615ms recycling=630ms minutes=690ms filters=48ms build=2ms items=10
[2026-06-15 22:56:09] picker_refresh total=729ms flash=614ms recycling=644ms minutes=697ms filters=47ms build=2ms items=10
[2026-06-15 22:56:20] picker_refresh total=1015ms flash=699ms recycling=984ms minutes=946ms filters=49ms build=2ms items=10
[2026-06-15 22:56:32] picker_refresh total=1525ms flash=1141ms recycling=1193ms minutes=1494ms filters=48ms build=2ms items=10
[2026-06-15 22:56:43] picker_refresh total=1080ms flash=824ms recycling=861ms minutes=1049ms filters=49ms build=2ms items=10
[2026-06-15 22:56:54] picker_refresh total=986ms flash=735ms recycling=807ms minutes=954ms filters=50ms build=2ms items=10
[2026-06-15 22:57:05] picker_refresh total=1018ms flash=781ms recycling=800ms minutes=986ms filters=49ms build=2ms items=10
[2026-06-15 22:57:16] picker_refresh total=968ms flash=775ms recycling=714ms minutes=936ms filters=46ms build=2ms items=10
[2026-06-15 22:57:27] picker_refresh total=954ms flash=753ms recycling=748ms minutes=922ms filters=48ms build=2ms items=10
[2026-06-15 22:57:38] picker_refresh total=1073ms flash=780ms recycling=801ms minutes=1040ms filters=55ms build=2ms items=10
[2026-06-15 22:57:49] picker_refresh total=912ms flash=684ms recycling=734ms minutes=880ms filters=46ms build=2ms items=10
[2026-06-15 22:58:00] picker_refresh total=1010ms flash=799ms recycling=811ms minutes=979ms filters=48ms build=2ms items=10
[2026-06-15 22:58:11] picker_refresh total=914ms flash=672ms recycling=749ms minutes=882ms filters=51ms build=2ms items=10
[2026-06-15 22:58:22] picker_refresh total=911ms flash=659ms recycling=772ms minutes=877ms filters=48ms build=2ms items=10
[2026-06-15 22:58:33] picker_refresh total=967ms flash=769ms recycling=833ms minutes=936ms filters=45ms build=2ms items=10
[2026-06-15 22:58:44] picker_refresh total=941ms flash=732ms recycling=762ms minutes=910ms filters=45ms build=2ms items=10
[2026-06-15 22:58:55] picker_refresh total=936ms flash=820ms recycling=694ms minutes=903ms filters=45ms build=2ms items=10
[2026-06-15 22:59:06] picker_refresh total=873ms flash=741ms recycling=808ms minutes=840ms filters=45ms build=2ms items=10
[2026-06-15 22:59:17] picker_refresh total=1902ms flash=727ms recycling=1821ms minutes=1871ms filters=46ms build=2ms items=10
[2026-06-15 22:59:28] picker_refresh total=981ms flash=762ms recycling=798ms minutes=949ms filters=46ms build=2ms items=10
[2026-06-15 22:59:40] picker_refresh total=1848ms flash=614ms recycling=657ms minutes=1817ms filters=45ms build=2ms items=10
[2026-06-15 22:59:51] picker_refresh total=986ms flash=724ms recycling=810ms minutes=948ms filters=47ms build=2ms items=10
[2026-06-15 23:00:02] picker_refresh total=1059ms flash=1028ms recycling=1016ms minutes=956ms filters=45ms build=2ms items=10
[2026-06-15 23:00:11] picker_refresh total=1734ms flash=913ms recycling=1084ms minutes=1702ms filters=49ms build=3ms items=9
[2026-06-15 23:00:12] picker_refresh total=1259ms flash=922ms recycling=1042ms minutes=1228ms filters=50ms build=2ms items=9
[2026-06-15 23:00:13] picker_refresh total=1108ms flash=879ms recycling=950ms minutes=1075ms filters=0ms build=2ms items=9
[2026-06-15 23:00:27] picker_refresh total=3097ms flash=2725ms recycling=2730ms minutes=3066ms filters=47ms build=2ms items=9
[2026-06-15 23:00:38] picker_refresh total=1052ms flash=843ms recycling=854ms minutes=1021ms filters=45ms build=2ms items=9
[2026-06-15 23:00:49] picker_refresh total=931ms flash=697ms recycling=798ms minutes=899ms filters=51ms build=2ms items=9
[2026-06-15 23:01:00] picker_refresh total=1003ms flash=946ms recycling=970ms minutes=890ms filters=48ms build=2ms items=9
[2026-06-15 23:01:11] picker_refresh total=1041ms flash=790ms recycling=832ms minutes=1009ms filters=45ms build=2ms items=9
[2026-06-15 23:01:22] picker_refresh total=1021ms flash=822ms recycling=878ms minutes=989ms filters=47ms build=2ms items=9
[2026-06-15 23:01:33] picker_refresh total=1091ms flash=834ms recycling=840ms minutes=1058ms filters=45ms build=2ms items=9
[2026-06-15 23:01:44] picker_refresh total=964ms flash=749ms recycling=767ms minutes=931ms filters=47ms build=2ms items=9
[2026-06-15 23:01:55] picker_refresh total=986ms flash=765ms recycling=785ms minutes=953ms filters=46ms build=3ms items=9
[2026-06-15 23:02:06] picker_refresh total=1122ms flash=911ms recycling=1021ms minutes=1091ms filters=45ms build=2ms items=9
[2026-06-15 23:02:17] picker_refresh total=914ms flash=703ms recycling=764ms minutes=883ms filters=45ms build=2ms items=9
[2026-06-15 23:02:28] picker_refresh total=1221ms flash=1073ms recycling=1025ms minutes=1187ms filters=47ms build=2ms items=9
[2026-06-15 23:02:39] picker_refresh total=952ms flash=769ms recycling=811ms minutes=920ms filters=44ms build=2ms items=9
[2026-06-15 23:02:50] picker_refresh total=918ms flash=706ms recycling=886ms minutes=885ms filters=45ms build=2ms items=9
[2026-06-15 23:03:01] picker_refresh total=1191ms flash=940ms recycling=1014ms minutes=1160ms filters=45ms build=2ms items=9
[2026-06-15 23:03:12] picker_refresh total=943ms flash=770ms recycling=793ms minutes=909ms filters=45ms build=2ms items=9
[2026-06-15 23:03:23] picker_refresh total=967ms flash=718ms recycling=775ms minutes=936ms filters=45ms build=3ms items=9
[2026-06-15 23:03:34] picker_refresh total=884ms flash=679ms recycling=852ms minutes=813ms filters=48ms build=2ms items=9
[2026-06-15 23:03:45] picker_refresh total=1140ms flash=820ms recycling=862ms minutes=1109ms filters=46ms build=2ms items=9
[2026-06-15 23:03:56] picker_refresh total=954ms flash=664ms recycling=864ms minutes=920ms filters=48ms build=2ms items=9
[2026-06-15 23:04:07] picker_refresh total=1099ms flash=686ms recycling=687ms minutes=1065ms filters=45ms build=2ms items=9
[2026-06-15 23:04:18] picker_refresh total=1083ms flash=784ms recycling=834ms minutes=1050ms filters=54ms build=3ms items=9
[2026-06-15 23:04:29] picker_refresh total=1089ms flash=783ms recycling=831ms minutes=1055ms filters=48ms build=2ms items=9
[2026-06-15 23:04:36] do_paste start: name='Инквизитор' hwnd=48300972
[2026-06-15 23:04:36] do_paste: foreground=True
[2026-06-15 23:04:36] do_paste: click=True
[2026-06-15 23:04:36] do_paste: click + clear + ctrl+v + cursor restore + enter sent
[2026-06-15 23:04:36] do_paste start: name='Тромбон' hwnd=48300972
[2026-06-15 23:04:36] do_paste: foreground=True
[2026-06-15 23:04:36] do_paste: click=True
[2026-06-15 23:04:36] do_paste: click + clear + ctrl+v + cursor restore + enter sent
[2026-06-15 23:04:36] do_paste start: name='Нагнетатель' hwnd=48300972
[2026-06-15 23:04:36] do_paste: foreground=True
[2026-06-15 23:04:37] do_paste: click=True
[2026-06-15 23:04:37] do_paste: click + clear + ctrl+v + cursor restore + enter sent
[2026-06-15 23:04:37] do_paste start: name='Тромбон' hwnd=48300972
[2026-06-15 23:04:37] do_paste: foreground=True
[2026-06-15 23:04:37] do_paste: click=True
[2026-06-15 23:04:37] do_paste: click + clear + ctrl+v + cursor restore + enter sent
[2026-06-15 23:04:38] do_paste start: name='Инквизитор' hwnd=48300972
[2026-06-15 23:04:38] do_paste: foreground=True
[2026-06-15 23:04:38] do_paste: click=True
[2026-06-15 23:04:38] do_paste: click + clear + ctrl+v + cursor restore + enter sent
[2026-06-15 23:04:38] do_paste start: name='Череп' hwnd=48300972
[2026-06-15 23:04:38] do_paste: foreground=True
[2026-06-15 23:04:38] do_paste: click=True
[2026-06-15 23:04:38] do_paste: click + clear + ctrl+v + cursor restore + enter sent
[2026-06-15 23:04:39] do_paste start: name='Инквизитор' hwnd=48300972
[2026-06-15 23:04:39] do_paste: foreground=True
[2026-06-15 23:04:39] do_paste: click=True
[2026-06-15 23:04:39] do_paste: click + clear + ctrl+v + cursor restore + enter sent
[2026-06-15 23:04:39] do_paste start: name='Тромбон' hwnd=48300972
[2026-06-15 23:04:39] do_paste: foreground=True
[2026-06-15 23:04:39] do_paste: click=True
[2026-06-15 23:04:39] do_paste: click + clear + ctrl+v + cursor restore + enter sent
[2026-06-15 23:04:40] picker_refresh total=933ms flash=676ms recycling=783ms minutes=898ms filters=46ms build=2ms items=9
[2026-06-15 23:04:42] do_paste start: name='Инквизитор' hwnd=48300972
[2026-06-15 23:04:42] do_paste: foreground=True
[2026-06-15 23:04:42] do_paste: click=True
[2026-06-15 23:04:43] do_paste: click + clear + ctrl+v + cursor restore + enter sent
[2026-06-15 23:04:43] do_paste start: name='Череп' hwnd=48300972
[2026-06-15 23:04:43] do_paste: foreground=True
[2026-06-15 23:04:43] do_paste: click=True
[2026-06-15 23:04:43] do_paste: click + clear + ctrl+v + cursor restore + enter sent
[2026-06-15 23:04:51] picker_refresh total=855ms flash=685ms recycling=723ms minutes=823ms filters=48ms build=2ms items=9
[2026-06-15 23:05:02] picker_refresh total=1011ms flash=790ms recycling=821ms minutes=980ms filters=47ms build=2ms items=9
[2026-06-15 23:05:10] picker_refresh total=1030ms flash=771ms recycling=796ms minutes=998ms filters=47ms build=2ms items=9
[2026-06-15 23:05:11] picker_refresh total=890ms flash=704ms recycling=730ms minutes=851ms filters=0ms build=2ms items=9
[2026-06-15 23:05:13] picker_refresh total=1559ms flash=1527ms recycling=738ms minutes=907ms filters=48ms build=3ms items=9
[2026-06-15 23:05:15] picker_refresh total=972ms flash=734ms recycling=788ms minutes=940ms filters=45ms build=2ms items=9
[2026-06-15 23:05:16] picker_refresh total=980ms flash=822ms recycling=747ms minutes=949ms filters=0ms build=2ms items=9
[2026-06-15 23:05:23] picker_refresh total=913ms flash=781ms recycling=767ms minutes=878ms filters=45ms build=2ms items=9
[2026-06-15 23:05:34] picker_refresh total=969ms flash=761ms recycling=820ms minutes=937ms filters=46ms build=2ms items=9
[2026-06-15 23:05:45] picker_refresh total=907ms flash=671ms recycling=770ms minutes=875ms filters=46ms build=2ms items=9
[2026-06-15 23:05:56] picker_refresh total=942ms flash=779ms recycling=815ms minutes=911ms filters=46ms build=2ms items=9
[2026-06-15 23:06:07] picker_refresh total=864ms flash=614ms recycling=738ms minutes=830ms filters=46ms build=2ms items=9
[2026-06-15 23:06:17] picker_refresh total=883ms flash=753ms recycling=810ms minutes=851ms filters=46ms build=2ms items=9
[2026-06-15 23:06:29] picker_refresh total=1345ms flash=1228ms recycling=1085ms minutes=1312ms filters=49ms build=2ms items=9
[2026-06-15 23:06:40] picker_refresh total=888ms flash=756ms recycling=775ms minutes=856ms filters=47ms build=2ms items=9
[2026-06-15 23:06:51] picker_refresh total=959ms flash=682ms recycling=729ms minutes=925ms filters=46ms build=2ms items=9
[2026-06-15 23:07:02] picker_refresh total=898ms flash=612ms recycling=741ms minutes=866ms filters=45ms build=2ms items=9
[2026-06-15 23:07:13] picker_refresh total=973ms flash=760ms recycling=795ms minutes=942ms filters=46ms build=2ms items=9
[2026-06-15 23:07:28] Picker item fetch failed: <urlopen error [SSL: UNEXPECTED_EOF_WHILE_READING] EOF occurred in violation of protocol (_ssl.c:1081)>
[2026-06-15 23:07:38] picker_refresh total=856ms flash=705ms recycling=825ms minutes=823ms filters=46ms build=2ms items=9
[2026-06-15 23:07:50] picker_refresh total=1108ms flash=611ms recycling=629ms minutes=1076ms filters=48ms build=2ms items=9
[2026-06-15 23:08:01] picker_refresh total=1009ms flash=803ms recycling=848ms minutes=976ms filters=53ms build=2ms items=9
[2026-06-15 23:08:12] picker_refresh total=1034ms flash=773ms recycling=784ms minutes=1002ms filters=47ms build=3ms items=9
[2026-06-15 23:08:23] picker_refresh total=1163ms flash=896ms recycling=925ms minutes=1132ms filters=47ms build=2ms items=9
[2026-06-15 23:08:34] picker_refresh total=913ms flash=767ms recycling=774ms minutes=880ms filters=50ms build=3ms items=9
[2026-06-15 23:08:45] picker_refresh total=1012ms flash=710ms recycling=755ms minutes=979ms filters=47ms build=3ms items=9
[2026-06-15 23:08:56] picker_refresh total=953ms flash=738ms recycling=733ms minutes=921ms filters=46ms build=2ms items=9
[2026-06-15 23:09:07] picker_refresh total=900ms flash=775ms recycling=754ms minutes=868ms filters=47ms build=2ms items=9
[2026-06-15 23:09:18] picker_refresh total=1156ms flash=857ms recycling=803ms minutes=1125ms filters=46ms build=2ms items=9
[2026-06-15 23:09:29] picker_refresh total=954ms flash=786ms recycling=792ms minutes=922ms filters=47ms build=2ms items=9
[2026-06-15 23:09:40] picker_refresh total=983ms flash=734ms recycling=781ms minutes=950ms filters=47ms build=3ms items=9
[2026-06-15 23:09:51] picker_refresh total=1011ms flash=715ms recycling=803ms minutes=980ms filters=47ms build=2ms items=9
[2026-06-15 23:10:02] picker_refresh total=1474ms flash=1136ms recycling=1274ms minutes=1443ms filters=49ms build=2ms items=9
[2026-06-15 23:10:10] picker_refresh total=919ms flash=673ms recycling=758ms minutes=888ms filters=46ms build=2ms items=10
[2026-06-15 23:10:11] picker_refresh total=923ms flash=698ms recycling=708ms minutes=891ms filters=0ms build=2ms items=10
[2026-06-15 23:10:13] picker_refresh total=1281ms flash=793ms recycling=816ms minutes=1248ms filters=49ms build=2ms items=10
[2026-06-15 23:10:14] picker_refresh total=953ms flash=784ms recycling=816ms minutes=921ms filters=47ms build=2ms items=10
[2026-06-15 23:10:15] picker_refresh total=916ms flash=729ms recycling=731ms minutes=884ms filters=0ms build=2ms items=10
[2026-06-15 23:10:23] picker_refresh total=891ms flash=734ms recycling=799ms minutes=859ms filters=51ms build=2ms items=10
[2026-06-15 23:10:35] picker_refresh total=2251ms flash=2220ms recycling=1802ms minutes=2045ms filters=48ms build=2ms items=10
[2026-06-15 23:10:43] do_paste start: name='Череп' hwnd=48300972
[2026-06-15 23:10:43] do_paste: foreground=True
[2026-06-15 23:10:43] do_paste: click=True
[2026-06-15 23:10:43] do_paste: click + clear + ctrl+v + cursor restore + enter sent
[2026-06-15 23:10:46] picker_refresh total=862ms flash=732ms recycling=759ms minutes=830ms filters=47ms build=2ms items=10
[2026-06-15 23:10:51] do_paste start: name='Нагнетатель' hwnd=48300972
[2026-06-15 23:10:51] do_paste: foreground=True
[2026-06-15 23:10:51] do_paste: click=True
[2026-06-15 23:10:51] do_paste: click + clear + ctrl+v + cursor restore + enter sent
[2026-06-15 23:10:57] picker_refresh total=924ms flash=722ms recycling=738ms minutes=892ms filters=47ms build=2ms items=10
[2026-06-15 23:11:02] salvage stopped: confirm button not found
[2026-06-15 23:11:03] salvage stopped: confirm button not found
[2026-06-15 23:11:08] picker_refresh total=907ms flash=736ms recycling=771ms minutes=874ms filters=46ms build=2ms items=10
[2026-06-15 23:11:19] picker_refresh total=905ms flash=702ms recycling=521ms minutes=873ms filters=47ms build=2ms items=10
[2026-06-15 23:11:30] picker_refresh total=909ms flash=777ms recycling=824ms minutes=878ms filters=45ms build=2ms items=10
[2026-06-15 23:11:41] picker_refresh total=1014ms flash=788ms recycling=832ms minutes=981ms filters=46ms build=2ms items=10
[2026-06-15 23:11:52] picker_refresh total=902ms flash=737ms recycling=788ms minutes=870ms filters=47ms build=2ms items=10
[2026-06-15 23:12:03] picker_refresh total=1057ms flash=769ms recycling=806ms minutes=1024ms filters=47ms build=2ms items=10
[2026-06-15 23:12:14] picker_refresh total=1393ms flash=782ms recycling=836ms minutes=1360ms filters=45ms build=2ms items=10
[2026-06-15 23:12:25] picker_refresh total=1008ms flash=849ms recycling=892ms minutes=972ms filters=46ms build=5ms items=10
[2026-06-15 23:12:36] picker_refresh total=798ms flash=617ms recycling=649ms minutes=766ms filters=46ms build=2ms items=10
[2026-06-15 23:12:47] picker_refresh total=1210ms flash=679ms recycling=764ms minutes=1178ms filters=47ms build=2ms items=10
[2026-06-15 23:12:58] picker_refresh total=1005ms flash=755ms recycling=782ms minutes=974ms filters=47ms build=2ms items=10
[2026-06-15 23:13:09] picker_refresh total=941ms flash=795ms recycling=810ms minutes=909ms filters=48ms build=3ms items=10
[2026-06-15 23:13:20] picker_refresh total=932ms flash=711ms recycling=726ms minutes=901ms filters=45ms build=3ms items=10
[2026-06-15 23:13:31] picker_refresh total=902ms flash=749ms recycling=812ms minutes=870ms filters=49ms build=3ms items=10
[2026-06-15 23:13:42] picker_refresh total=903ms flash=763ms recycling=748ms minutes=871ms filters=49ms build=2ms items=10
[2026-06-15 23:13:53] picker_refresh total=931ms flash=750ms recycling=763ms minutes=900ms filters=48ms build=2ms items=10
[2026-06-15 23:14:04] picker_refresh total=812ms flash=754ms recycling=779ms minutes=501ms filters=49ms build=2ms items=10
[2026-06-15 23:14:15] picker_refresh total=970ms flash=722ms recycling=772ms minutes=939ms filters=47ms build=2ms items=10
[2026-06-15 23:14:26] picker_refresh total=926ms flash=712ms recycling=799ms minutes=895ms filters=46ms build=2ms items=10
